id,unique_code,order_id,measurement_id,garment_type_id,cutting_group_id,student_name,student_class,student_section,adjusted_measurements,original_measurements,status,dc_number,piece_index,created_by,created_at,updated_at,delivered_at,delivered_by,returned_at,returned_by,return_reason
1,DLO-2025-001-M5-G1-P1,DLO-2025-001,5,1,1,Darren Cross,6th Year,A,"{""chest_cm"": 82, ""waist_cm"": 73, ""hip_cm"": 82, ""shoulder_cm"": 34, ""sleeve_cm"": 45, ""length_cm"": 64}","{""chest_cm"": 82, ""waist_cm"": 73, ""hip_cm"": 82, ""shoulder_cm"": 34, ""sleeve_cm"": 45, ""length_cm"": 64}",delivered,DC-001-4,1,6,13/03/2025 08:04,10/05/2025 08:04,2025-05-10T08:04:00,10,,,
2,DLO-2025-001-M7-G3-P1,DLO-2025-001,7,3,2,Kirstin Fegan,1st Year,C,"{""chest_cm"": 83, ""waist_cm"": 77, ""hip_cm"": 89, ""shoulder_cm"": 35, ""sleeve_cm"": 46, ""length_cm"": 65}","{""chest_cm"": 83, ""waist_cm"": 77, ""hip_cm"": 89, ""shoulder_cm"": 35, ""sleeve_cm"": 46, ""length_cm"": 65}",delivered,DC-001-3,1,6,13/03/2025 08:04,10/05/2025 08:04,2025-05-10T08:04:00,10,,,
3,DLO-2025-001-M12-G1-P1,DLO-2025-001,12,1,1,Carter Scally,6th Year,A,"{""chest_cm"": 90, ""waist_cm"": 80, ""hip_cm"": 93, ""shoulder_cm"": 38, ""sleeve_cm"": 50, ""length_cm"": 70}","{""chest_cm"": 90, ""waist_cm"": 80, ""hip_cm"": 93, ""shoulder_cm"": 38, ""sleeve_cm"": 50, ""length_cm"": 70}",delivered,DC-001-2,1,6,13/03/2025 08:04,10/05/2025 08:04,2025-05-10T08:04:00,10,,,
4,DLO-2025-001-M14-G1-P1,DLO-2025-001,14,1,1,Antoin Norry,1st Year,B,"{""chest_cm"": 102, ""waist_cm"": 97, ""hip_cm"": 105, ""shoulder_cm"": 43, ""sleeve_cm"": 56, ""length_cm"": 80}","{""chest_cm"": 102, ""waist_cm"": 97, ""hip_cm"": 105, ""shoulder_cm"": 43, ""sleeve_cm"": 56, ""length_cm"": 80}",delivered,DC-001-3,1,6,13/03/2025 08:04,10/05/2025 08:04,2025-05-10T08:04:00,10,,,
5,DLO-2025-001-M19-G3-P1,DLO-2025-001,19,3,2,Aoibhinn McCarville,5th Year,B,"{""chest_cm"": 88, ""waist_cm"": 79, ""hip_cm"": 89, ""shoulder_cm"": 37, ""sleeve_cm"": 48, ""length_cm"": 69}","{""chest_cm"": 88, ""waist_cm"": 79, ""hip_cm"": 89, ""shoulder_cm"": 37, ""sleeve_cm"": 48, ""length_cm"": 69}",delivered,DC-001-1,1,6,13/03/2025 08:04,10/05/2025 08:04,2025-05-10T08:04:00,10,,,
6,DLO-2025-001-M21-G3-P1,DLO-2025-001,21,3,2,Caoilfhionn Eivers,6th Year,C,"{""chest_cm"": 78, ""waist_cm"": 70, ""hip_cm"": 79, ""shoulder_cm"": 33, ""sleeve_cm"": 43, ""length_cm"": 61}","{""chest_cm"": 78, ""waist_cm"": 70, ""hip_cm"": 79, ""shoulder_cm"": 33, ""sleeve_cm"": 43, ""length_cm"": 61}",delivered,DC-001-3,1,6,13/03/2025 08:04,10/05/2025 08:04,2025-05-10T08:04:00,10,,,
7,DLO-2025-001-M27-G1-P1,DLO-2025-001,27,1,1,Rohan Finlay,2nd Year,B,"{""chest_cm"": 84, ""waist_cm"": 77, ""hip_cm"": 92, ""shoulder_cm"": 35, ""sleeve_cm"": 46, ""length_cm"": 66}","{""chest_cm"": 84, ""waist_cm"": 77, ""hip_cm"": 92, ""shoulder_cm"": 35, ""sleeve_cm"": 46, ""length_cm"": 66}",delivered,DC-001-2,1,6,13/03/2025 08:04,10/05/2025 08:04,2025-05-10T08:04:00,10,,,
8,DLO-2025-001-M28-G3-P1,DLO-2025-001,28,3,2,Erica Culhane,3rd Year,A,"{""chest_cm"": 101, ""waist_cm"": 92, ""hip_cm"": 105, ""shoulder_cm"": 42, ""sleeve_cm"": 56, ""length_cm"": 79}","{""chest_cm"": 101, ""waist_cm"": 92, ""hip_cm"": 105, ""shoulder_cm"": 42, ""sleeve_cm"": 56, ""length_cm"": 79}",delivered,DC-001-2,1,6,13/03/2025 08:04,10/05/2025 08:04,2025-05-10T08:04:00,10,,,
9,DLO-2025-001-M30-G3-P1,DLO-2025-001,30,3,2,Rhianne Mullany,1st Year,B,"{""chest_cm"": 97, ""waist_cm"": 91, ""hip_cm"": 105, ""shoulder_cm"": 41, ""sleeve_cm"": 53, ""length_cm"": 76}","{""chest_cm"": 97, ""waist_cm"": 91, ""hip_cm"": 105, ""shoulder_cm"": 41, ""sleeve_cm"": 53, ""length_cm"": 76}",delivered,DC-001-4,1,6,13/03/2025 08:04,10/05/2025 08:04,2025-05-10T08:04:00,10,,,
10,DLO-2025-001-M42-G1-P1,DLO-2025-001,42,1,1,Matthew McComiskey,5th Year,A,"{""chest_cm"": 94, ""waist_cm"": 85, ""hip_cm"": 98, ""shoulder_cm"": 39, ""sleeve_cm"": 52, ""length_cm"": 73}","{""chest_cm"": 94, ""waist_cm"": 85, ""hip_cm"": 98, ""shoulder_cm"": 39, ""sleeve_cm"": 52, ""length_cm"": 73}",delivered,DC-001-1,1,6,13/03/2025 08:04,10/05/2025 08:04,2025-05-10T08:04:00,10,,,
11,DLO-2025-001-M45-G1-P1,DLO-2025-001,45,1,1,Warren Davitt,4th Year,C,"{""chest_cm"": 84, ""waist_cm"": 74, ""hip_cm"": 91, ""shoulder_cm"": 35, ""sleeve_cm"": 46, ""length_cm"": 66}","{""chest_cm"": 84, ""waist_cm"": 74, ""hip_cm"": 91, ""shoulder_cm"": 35, ""sleeve_cm"": 46, ""length_cm"": 66}",delivered,DC-001-2,1,6,13/03/2025 08:04,10/05/2025 08:04,2025-05-10T08:04:00,10,,,
12,DLO-2025-001-M49-G1-P1,DLO-2025-001,49,1,1,Bryan Feely,4th Year,A,"{""chest_cm"": 79, ""waist_cm"": 69, ""hip_cm"": 85, ""shoulder_cm"": 33, ""sleeve_cm"": 43, ""length_cm"": 62}","{""chest_cm"": 79, ""waist_cm"": 69, ""hip_cm"": 85, ""shoulder_cm"": 33, ""sleeve_cm"": 43, ""length_cm"": 62}",delivered,DC-001-3,1,6,13/03/2025 08:04,10/05/2025 08:04,2025-05-10T08:04:00,10,,,
13,DLO-2025-001-M51-G3-P1,DLO-2025-001,51,3,2,Codie Robertson,2nd Year,A,"{""chest_cm"": 99, ""waist_cm"": 92, ""hip_cm"": 101, ""shoulder_cm"": 42, ""sleeve_cm"": 54, ""length_cm"": 77}","{""chest_cm"": 99, ""waist_cm"": 92, ""hip_cm"": 101, ""shoulder_cm"": 42, ""sleeve_cm"": 54, ""length_cm"": 77}",delivered,DC-001-2,1,6,13/03/2025 08:04,10/05/2025 08:04,2025-05-10T08:04:00,10,,,
14,DLO-2025-001-M56-G1-P1,DLO-2025-001,56,1,1,Stewart McAuley,6th Year,C,"{""chest_cm"": 98, ""waist_cm"": 93, ""hip_cm"": 98, ""shoulder_cm"": 41, ""sleeve_cm"": 54, ""length_cm"": 76}","{""chest_cm"": 98, ""waist_cm"": 93, ""hip_cm"": 98, ""shoulder_cm"": 41, ""sleeve_cm"": 54, ""length_cm"": 76}",delivered,DC-001-4,1,6,13/03/2025 08:04,10/05/2025 08:04,2025-05-10T08:04:00,10,,,
15,DLO-2025-001-M57-G1-P1,DLO-2025-001,57,1,1,Caolan McNaughton,2nd Year,A,"{""chest_cm"": 84, ""waist_cm"": 79, ""hip_cm"": 85, ""shoulder_cm"": 35, ""sleeve_cm"": 46, ""length_cm"": 66}","{""chest_cm"": 84, ""waist_cm"": 79, ""hip_cm"": 85, ""shoulder_cm"": 35, ""sleeve_cm"": 46, ""length_cm"": 66}",delivered,DC-001-3,1,6,13/03/2025 08:04,10/05/2025 08:04,2025-05-10T08:04:00,10,,,
16,DLO-2025-001-M60-G3-P1,DLO-2025-001,60,3,2,Rosie O'Togher,2nd Year,C,"{""chest_cm"": 91, ""waist_cm"": 82, ""hip_cm"": 95, ""shoulder_cm"": 38, ""sleeve_cm"": 50, ""length_cm"": 71}","{""chest_cm"": 91, ""waist_cm"": 82, ""hip_cm"": 95, ""shoulder_cm"": 38, ""sleeve_cm"": 50, ""length_cm"": 71}",delivered,DC-001-1,1,6,13/03/2025 08:04,10/05/2025 08:04,2025-05-10T08:04:00,10,,,
17,DLO-2025-001-M64-G1-P1,DLO-2025-001,64,1,1,Pierce Conefrey,4th Year,C,"{""chest_cm"": 94, ""waist_cm"": 85, ""hip_cm"": 95, ""shoulder_cm"": 39, ""sleeve_cm"": 52, ""length_cm"": 73}","{""chest_cm"": 94, ""waist_cm"": 85, ""hip_cm"": 95, ""shoulder_cm"": 39, ""sleeve_cm"": 52, ""length_cm"": 73}",delivered,DC-001-4,1,6,13/03/2025 08:04,10/05/2025 08:04,2025-05-10T08:04:00,10,,,
18,DLO-2025-001-M65-G1-P1,DLO-2025-001,65,1,1,Cillian Conaty,5th Year,B,"{""chest_cm"": 83, ""waist_cm"": 75, ""hip_cm"": 87, ""shoulder_cm"": 35, ""sleeve_cm"": 46, ""length_cm"": 65}","{""chest_cm"": 83, ""waist_cm"": 75, ""hip_cm"": 87, ""shoulder_cm"": 35, ""sleeve_cm"": 46, ""length_cm"": 65}",delivered,DC-001-1,1,6,13/03/2025 08:04,10/05/2025 08:04,2025-05-10T08:04:00,10,,,
19,DLO-2025-001-M66-G1-P1,DLO-2025-001,66,1,1,Leon Day,2nd Year,B,"{""chest_cm"": 91, ""waist_cm"": 85, ""hip_cm"": 95, ""shoulder_cm"": 38, ""sleeve_cm"": 50, ""length_cm"": 71}","{""chest_cm"": 91, ""waist_cm"": 85, ""hip_cm"": 95, ""shoulder_cm"": 38, ""sleeve_cm"": 50, ""length_cm"": 71}",delivered,DC-001-3,1,6,13/03/2025 08:04,10/05/2025 08:04,2025-05-10T08:04:00,10,,,
20,DLO-2025-001-M68-G1-P1,DLO-2025-001,68,1,1,Hugh Looney,4th Year,C,"{""chest_cm"": 90, ""waist_cm"": 81, ""hip_cm"": 95, ""shoulder_cm"": 38, ""sleeve_cm"": 50, ""length_cm"": 70}","{""chest_cm"": 90, ""waist_cm"": 81, ""hip_cm"": 95, ""shoulder_cm"": 38, ""sleeve_cm"": 50, ""length_cm"": 70}",delivered,DC-001-3,1,6,13/03/2025 08:04,10/05/2025 08:04,2025-05-10T08:04:00,10,,,
21,DLO-2025-001-M71-G1-P1,DLO-2025-001,71,1,1,Zak Flynn,3rd Year,A,"{""chest_cm"": 100, ""waist_cm"": 92, ""hip_cm"": 105, ""shoulder_cm"": 42, ""sleeve_cm"": 55, ""length_cm"": 78}","{""chest_cm"": 100, ""waist_cm"": 92, ""hip_cm"": 105, ""shoulder_cm"": 42, ""sleeve_cm"": 55, ""length_cm"": 78}",delivered,DC-001-1,1,6,13/03/2025 08:04,10/05/2025 08:04,2025-05-10T08:04:00,10,,,
22,DLO-2025-001-M72-G3-P1,DLO-2025-001,72,3,2,Shanna McBreen,3rd Year,B,"{""chest_cm"": 80, ""waist_cm"": 72, ""hip_cm"": 88, ""shoulder_cm"": 34, ""sleeve_cm"": 44, ""length_cm"": 62}","{""chest_cm"": 80, ""waist_cm"": 72, ""hip_cm"": 88, ""shoulder_cm"": 34, ""sleeve_cm"": 44, ""length_cm"": 62}",returned,DC-001-4,1,6,13/03/2025 08:04,10/05/2025 08:04,2025-05-10T08:04:00,10,15/05/2025 08:04,11,Fabric shade mismatch
23,DLO-2025-001-M73-G1-P1,DLO-2025-001,73,1,1,Aedan Pringle,3rd Year,A,"{""chest_cm"": 100, ""waist_cm"": 93, ""hip_cm"": 103, ""shoulder_cm"": 42, ""sleeve_cm"": 55, ""length_cm"": 78}","{""chest_cm"": 100, ""waist_cm"": 93, ""hip_cm"": 103, ""shoulder_cm"": 42, ""sleeve_cm"": 55, ""length_cm"": 78}",delivered,DC-001-1,1,6,13/03/2025 08:04,10/05/2025 08:04,2025-05-10T08:04:00,10,,,
24,DLO-2025-001-M81-G1-P1,DLO-2025-001,81,1,1,Emmett Mulcahy,3rd Year,C,"{""chest_cm"": 91, ""waist_cm"": 86, ""hip_cm"": 95, ""shoulder_cm"": 38, ""sleeve_cm"": 50, ""length_cm"": 71}","{""chest_cm"": 91, ""waist_cm"": 86, ""hip_cm"": 95, ""shoulder_cm"": 38, ""sleeve_cm"": 50, ""length_cm"": 71}",delivered,DC-001-3,1,6,13/03/2025 08:04,10/05/2025 08:04,2025-05-10T08:04:00,10,,,
25,DLO-2025-001-M82-G1-P1,DLO-2025-001,82,1,1,Antoin Slattery,3rd Year,C,"{""chest_cm"": 90, ""waist_cm"": 84, ""hip_cm"": 93, ""shoulder_cm"": 38, ""sleeve_cm"": 50, ""length_cm"": 70}","{""chest_cm"": 90, ""waist_cm"": 84, ""hip_cm"": 93, ""shoulder_cm"": 38, ""sleeve_cm"": 50, ""length_cm"": 70}",delivered,DC-001-1,1,6,13/03/2025 08:04,10/05/2025 08:04,2025-05-10T08:04:00,10,,,
26,DLO-2025-001-M85-G1-P1,DLO-2025-001,85,1,1,Owen Maguire,6th Year,A,"{""chest_cm"": 87, ""waist_cm"": 82, ""hip_cm"": 89, ""shoulder_cm"": 37, ""sleeve_cm"": 48, ""length_cm"": 68}","{""chest_cm"": 87, ""waist_cm"": 82, ""hip_cm"": 89, ""shoulder_cm"": 37, ""sleeve_cm"": 48, ""length_cm"": 68}",delivered,DC-001-4,1,6,13/03/2025 08:04,10/05/2025 08:04,2025-05-10T08:04:00,10,,,
27,DLO-2025-001-M88-G3-P1,DLO-2025-001,88,3,2,Susanna MacNabb,5th Year,B,"{""chest_cm"": 91, ""waist_cm"": 82, ""hip_cm"": 91, ""shoulder_cm"": 38, ""sleeve_cm"": 50, ""length_cm"": 71}","{""chest_cm"": 91, ""waist_cm"": 82, ""hip_cm"": 91, ""shoulder_cm"": 38, ""sleeve_cm"": 50, ""length_cm"": 71}",delivered,DC-001-1,1,6,13/03/2025 08:04,10/05/2025 08:04,2025-05-10T08:04:00,10,,,
28,DLO-2025-001-M89-G3-P1,DLO-2025-001,89,3,2,Erika Sayers,6th Year,A,"{""chest_cm"": 92, ""waist_cm"": 85, ""hip_cm"": 100, ""shoulder_cm"": 39, ""sleeve_cm"": 51, ""length_cm"": 72}","{""chest_cm"": 92, ""waist_cm"": 85, ""hip_cm"": 100, ""shoulder_cm"": 39, ""sleeve_cm"": 51, ""length_cm"": 72}",delivered,DC-001-4,1,6,13/03/2025 08:04,10/05/2025 08:04,2025-05-10T08:04:00,10,,,
29,DLO-2025-001-M90-G3-P1,DLO-2025-001,90,3,2,Morgan McKinney,3rd Year,C,"{""chest_cm"": 91, ""waist_cm"": 84, ""hip_cm"": 95, ""shoulder_cm"": 38, ""sleeve_cm"": 50, ""length_cm"": 71}","{""chest_cm"": 91, ""waist_cm"": 84, ""hip_cm"": 95, ""shoulder_cm"": 38, ""sleeve_cm"": 50, ""length_cm"": 71}",delivered,DC-001-4,1,6,13/03/2025 08:04,10/05/2025 08:04,2025-05-10T08:04:00,10,,,
30,DLO-2025-001-M91-G1-P1,DLO-2025-001,91,1,1,Paul Freeney,6th Year,A,"{""chest_cm"": 80, ""waist_cm"": 72, ""hip_cm"": 83, ""shoulder_cm"": 34, ""sleeve_cm"": 44, ""length_cm"": 62}","{""chest_cm"": 80, ""waist_cm"": 72, ""hip_cm"": 83, ""shoulder_cm"": 34, ""sleeve_cm"": 44, ""length_cm"": 62}",delivered,DC-001-1,1,6,13/03/2025 08:04,10/05/2025 08:04,2025-05-10T08:04:00,10,,,
31,DLO-2025-001-M92-G1-P1,DLO-2025-001,92,1,1,Carl Millar,4th Year,A,"{""chest_cm"": 104, ""waist_cm"": 97, ""hip_cm"": 107, ""shoulder_cm"": 44, ""sleeve_cm"": 57, ""length_cm"": 81}","{""chest_cm"": 104, ""waist_cm"": 97, ""hip_cm"": 107, ""shoulder_cm"": 44, ""sleeve_cm"": 57, ""length_cm"": 81}",delivered,DC-001-1,1,6,13/03/2025 08:04,10/05/2025 08:04,2025-05-10T08:04:00,10,,,
32,DLO-2025-001-M94-G3-P1,DLO-2025-001,94,3,2,Diane Kearns,6th Year,B,"{""chest_cm"": 88, ""waist_cm"": 83, ""hip_cm"": 94, ""shoulder_cm"": 37, ""sleeve_cm"": 48, ""length_cm"": 69}","{""chest_cm"": 88, ""waist_cm"": 83, ""hip_cm"": 94, ""shoulder_cm"": 37, ""sleeve_cm"": 48, ""length_cm"": 69}",returned,DC-001-2,1,6,13/03/2025 08:04,10/05/2025 08:04,2025-05-10T08:04:00,10,20/05/2025 08:04,11,Fabric shade mismatch
33,DLO-2025-001-M95-G3-P1,DLO-2025-001,95,3,2,Faye Fay,1st Year,A,"{""chest_cm"": 103, ""waist_cm"": 99, ""hip_cm"": 106, ""shoulder_cm"": 43, ""sleeve_cm"": 57, ""length_cm"": 80}","{""chest_cm"": 103, ""waist_cm"": 99, ""hip_cm"": 106, ""shoulder_cm"": 43, ""sleeve_cm"": 57, ""length_cm"": 80}",delivered,DC-001-4,1,6,13/03/2025 08:04,10/05/2025 08:04,2025-05-10T08:04:00,10,,,
34,DLO-2025-001-M102-G3-P1,DLO-2025-001,102,3,2,Lauren McGuire,2nd Year,C,"{""chest_cm"": 85, ""waist_cm"": 79, ""hip_cm"": 93, ""shoulder_cm"": 36, ""sleeve_cm"": 47, ""length_cm"": 66}","{""chest_cm"": 85, ""waist_cm"": 79, ""hip_cm"": 93, ""shoulder_cm"": 36, ""sleeve_cm"": 47, ""length_cm"": 66}",delivered,DC-001-3,1,6,13/03/2025 08:04,10/05/2025 08:04,2025-05-10T08:04:00,10,,,
35,DLO-2025-001-M104-G1-P1,DLO-2025-001,104,1,1,Enda McKillop,4th Year,A,"{""chest_cm"": 88, ""waist_cm"": 82, ""hip_cm"": 90, ""shoulder_cm"": 37, ""sleeve_cm"": 48, ""length_cm"": 69}","{""chest_cm"": 88, ""waist_cm"": 82, ""hip_cm"": 90, ""shoulder_cm"": 37, ""sleeve_cm"": 48, ""length_cm"": 69}",delivered,DC-001-4,1,6,13/03/2025 08:04,10/05/2025 08:04,2025-05-10T08:04:00,10,,,
36,DLO-2025-001-M106-G1-P1,DLO-2025-001,106,1,1,Adrian Finneran,6th Year,C,"{""chest_cm"": 99, ""waist_cm"": 91, ""hip_cm"": 100, ""shoulder_cm"": 42, ""sleeve_cm"": 54, ""length_cm"": 77}","{""chest_cm"": 99, ""waist_cm"": 91, ""hip_cm"": 100, ""shoulder_cm"": 42, ""sleeve_cm"": 54, ""length_cm"": 77}",delivered,DC-001-4,1,6,13/03/2025 08:04,10/05/2025 08:04,2025-05-10T08:04:00,10,,,
37,DLO-2025-001-M109-G1-P1,DLO-2025-001,109,1,1,Alister Davis,4th Year,C,"{""chest_cm"": 100, ""waist_cm"": 93, ""hip_cm"": 100, ""shoulder_cm"": 42, ""sleeve_cm"": 55, ""length_cm"": 78}","{""chest_cm"": 100, ""waist_cm"": 93, ""hip_cm"": 100, ""shoulder_cm"": 42, ""sleeve_cm"": 55, ""length_cm"": 78}",delivered,DC-001-1,1,6,13/03/2025 08:04,10/05/2025 08:04,2025-05-10T08:04:00,10,,,
38,DLO-2025-001-M110-G3-P1,DLO-2025-001,110,3,2,Megan Bresnehan,1st Year,C,"{""chest_cm"": 99, ""waist_cm"": 95, ""hip_cm"": 106, ""shoulder_cm"": 42, ""sleeve_cm"": 54, ""length_cm"": 77}","{""chest_cm"": 99, ""waist_cm"": 95, ""hip_cm"": 106, ""shoulder_cm"": 42, ""sleeve_cm"": 54, ""length_cm"": 77}",delivered,DC-001-2,1,6,13/03/2025 08:04,10/05/2025 08:04,2025-05-10T08:04:00,10,,,
39,DLO-2025-001-M112-G1-P1,DLO-2025-001,112,1,1,Odhran Heelan,1st Year,B,"{""chest_cm"": 78, ""waist_cm"": 69, ""hip_cm"": 79, ""shoulder_cm"": 33, ""sleeve_cm"": 43, ""length_cm"": 61}","{""chest_cm"": 78, ""waist_cm"": 69, ""hip_cm"": 79, ""shoulder_cm"": 33, ""sleeve_cm"": 43, ""length_cm"": 61}",delivered,DC-001-2,1,6,13/03/2025 08:04,10/05/2025 08:04,2025-05-10T08:04:00,10,,,
40,DLO-2025-001-M113-G3-P1,DLO-2025-001,113,3,2,Lucinda McKiernan,2nd Year,C,"{""chest_cm"": 78, ""waist_cm"": 70, ""hip_cm"": 80, ""shoulder_cm"": 33, ""sleeve_cm"": 43, ""length_cm"": 61}","{""chest_cm"": 78, ""waist_cm"": 70, ""hip_cm"": 80, ""shoulder_cm"": 33, ""sleeve_cm"": 43, ""length_cm"": 61}",delivered,DC-001-2,1,6,13/03/2025 08:04,10/05/2025 08:04,2025-05-10T08:04:00,10,,,
41,DLO-2025-001-M117-G1-P1,DLO-2025-001,117,1,1,Macauley O'Grady,2nd Year,C,"{""chest_cm"": 89, ""waist_cm"": 83, ""hip_cm"": 93, ""shoulder_cm"": 37, ""sleeve_cm"": 49, ""length_cm"": 69}","{""chest_cm"": 89, ""waist_cm"": 83, ""hip_cm"": 93, ""shoulder_cm"": 37, ""sleeve_cm"": 49, ""length_cm"": 69}",delivered,DC-001-3,1,6,13/03/2025 08:04,10/05/2025 08:04,2025-05-10T08:04:00,10,,,
42,DLO-2025-001-M118-G3-P1,DLO-2025-001,118,3,2,Melissa Hallahan,5th Year,C,"{""chest_cm"": 86, ""waist_cm"": 76, ""hip_cm"": 92, ""shoulder_cm"": 36, ""sleeve_cm"": 47, ""length_cm"": 67}","{""chest_cm"": 86, ""waist_cm"": 76, ""hip_cm"": 92, ""shoulder_cm"": 36, ""sleeve_cm"": 47, ""length_cm"": 67}",delivered,DC-001-3,1,6,13/03/2025 08:04,10/05/2025 08:04,2025-05-10T08:04:00,10,,,
43,DLO-2025-001-M119-G1-P1,DLO-2025-001,119,1,1,Cal Hallanan,4th Year,A,"{""chest_cm"": 80, ""waist_cm"": 74, ""hip_cm"": 85, ""shoulder_cm"": 34, ""sleeve_cm"": 44, ""length_cm"": 62}","{""chest_cm"": 80, ""waist_cm"": 74, ""hip_cm"": 85, ""shoulder_cm"": 34, ""sleeve_cm"": 44, ""length_cm"": 62}",delivered,DC-001-1,1,6,13/03/2025 08:04,10/05/2025 08:04,2025-05-10T08:04:00,10,,,
44,DLO-2025-001-M120-G1-P1,DLO-2025-001,120,1,1,Jesse O'Gallagher,6th Year,C,"{""chest_cm"": 95, ""waist_cm"": 90, ""hip_cm"": 102, ""shoulder_cm"": 40, ""sleeve_cm"": 52, ""length_cm"": 74}","{""chest_cm"": 95, ""waist_cm"": 90, ""hip_cm"": 102, ""shoulder_cm"": 40, ""sleeve_cm"": 52, ""length_cm"": 74}",delivered,DC-001-1,1,6,13/03/2025 08:04,10/05/2025 08:04,2025-05-10T08:04:00,10,,,
45,DLO-2025-001-M125-G3-P1,DLO-2025-001,125,3,2,Kelly Lavery,6th Year,C,"{""chest_cm"": 83, ""waist_cm"": 79, ""hip_cm"": 91, ""shoulder_cm"": 35, ""sleeve_cm"": 46, ""length_cm"": 65}","{""chest_cm"": 83, ""waist_cm"": 79, ""hip_cm"": 91, ""shoulder_cm"": 35, ""sleeve_cm"": 46, ""length_cm"": 65}",delivered,DC-001-3,1,6,13/03/2025 08:04,10/05/2025 08:04,2025-05-10T08:04:00,10,,,
46,DLO-2025-001-M126-G1-P1,DLO-2025-001,126,1,1,Giles Mornane,1st Year,A,"{""chest_cm"": 98, ""waist_cm"": 91, ""hip_cm"": 100, ""shoulder_cm"": 41, ""sleeve_cm"": 54, ""length_cm"": 76}","{""chest_cm"": 98, ""waist_cm"": 91, ""hip_cm"": 100, ""shoulder_cm"": 41, ""sleeve_cm"": 54, ""length_cm"": 76}",delivered,DC-001-3,1,6,13/03/2025 08:04,10/05/2025 08:04,2025-05-10T08:04:00,10,,,
47,DLO-2025-001-M131-G1-P1,DLO-2025-001,131,1,1,Tomas Nicholls,2nd Year,B,"{""chest_cm"": 93, ""waist_cm"": 89, ""hip_cm"": 95, ""shoulder_cm"": 39, ""sleeve_cm"": 51, ""length_cm"": 73}","{""chest_cm"": 93, ""waist_cm"": 89, ""hip_cm"": 95, ""shoulder_cm"": 39, ""sleeve_cm"": 51, ""length_cm"": 73}",delivered,DC-001-2,1,6,13/03/2025 08:04,10/05/2025 08:04,2025-05-10T08:04:00,10,,,
48,DLO-2025-001-M139-G3-P1,DLO-2025-001,139,3,2,Joanna Freeney,3rd Year,B,"{""chest_cm"": 90, ""waist_cm"": 81, ""hip_cm"": 96, ""shoulder_cm"": 38, ""sleeve_cm"": 50, ""length_cm"": 70}","{""chest_cm"": 90, ""waist_cm"": 81, ""hip_cm"": 96, ""shoulder_cm"": 38, ""sleeve_cm"": 50, ""length_cm"": 70}",delivered,DC-001-4,1,6,13/03/2025 08:04,10/05/2025 08:04,2025-05-10T08:04:00,10,,,
49,DLO-2025-001-M149-G1-P1,DLO-2025-001,149,1,1,Jackson Gorey,4th Year,C,"{""chest_cm"": 99, ""waist_cm"": 92, ""hip_cm"": 107, ""shoulder_cm"": 42, ""sleeve_cm"": 54, ""length_cm"": 77}","{""chest_cm"": 99, ""waist_cm"": 92, ""hip_cm"": 107, ""shoulder_cm"": 42, ""sleeve_cm"": 54, ""length_cm"": 77}",delivered,DC-001-4,1,6,13/03/2025 08:04,10/05/2025 08:04,2025-05-10T08:04:00,10,,,
50,DLO-2025-001-M154-G3-P1,DLO-2025-001,154,3,2,Brigid Monks,6th Year,B,"{""chest_cm"": 97, ""waist_cm"": 93, ""hip_cm"": 103, ""shoulder_cm"": 41, ""sleeve_cm"": 53, ""length_cm"": 76}","{""chest_cm"": 97, ""waist_cm"": 93, ""hip_cm"": 103, ""shoulder_cm"": 41, ""sleeve_cm"": 53, ""length_cm"": 76}",delivered,DC-001-3,1,6,13/03/2025 08:04,10/05/2025 08:04,2025-05-10T08:04:00,10,,,
51,DLO-2025-001-M156-G3-P1,DLO-2025-001,156,3,2,Tara Clifford,3rd Year,A,"{""chest_cm"": 104, ""waist_cm"": 100, ""hip_cm"": 105, ""shoulder_cm"": 44, ""sleeve_cm"": 57, ""length_cm"": 81}","{""chest_cm"": 104, ""waist_cm"": 100, ""hip_cm"": 105, ""shoulder_cm"": 44, ""sleeve_cm"": 57, ""length_cm"": 81}",delivered,DC-001-2,1,6,13/03/2025 08:04,10/05/2025 08:04,2025-05-10T08:04:00,10,,,
52,DLO-2025-001-M158-G3-P1,DLO-2025-001,158,3,2,Jody Kilgallen,6th Year,A,"{""chest_cm"": 102, ""waist_cm"": 98, ""hip_cm"": 104, ""shoulder_cm"": 43, ""sleeve_cm"": 56, ""length_cm"": 80}","{""chest_cm"": 102, ""waist_cm"": 98, ""hip_cm"": 104, ""shoulder_cm"": 43, ""sleeve_cm"": 56, ""length_cm"": 80}",delivered,DC-001-2,1,6,13/03/2025 08:04,10/05/2025 08:04,2025-05-10T08:04:00,10,,,
53,DLO-2025-001-M167-G3-P1,DLO-2025-001,167,3,2,Jana Beggan,6th Year,B,"{""chest_cm"": 97, ""waist_cm"": 92, ""hip_cm"": 102, ""shoulder_cm"": 41, ""sleeve_cm"": 53, ""length_cm"": 76}","{""chest_cm"": 97, ""waist_cm"": 92, ""hip_cm"": 102, ""shoulder_cm"": 41, ""sleeve_cm"": 53, ""length_cm"": 76}",delivered,DC-001-1,1,6,13/03/2025 08:04,10/05/2025 08:04,2025-05-10T08:04:00,10,,,
54,DLO-2025-001-M168-G1-P1,DLO-2025-001,168,1,1,Shay Cassen,4th Year,B,"{""chest_cm"": 91, ""waist_cm"": 84, ""hip_cm"": 97, ""shoulder_cm"": 38, ""sleeve_cm"": 50, ""length_cm"": 71}","{""chest_cm"": 91, ""waist_cm"": 84, ""hip_cm"": 97, ""shoulder_cm"": 38, ""sleeve_cm"": 50, ""length_cm"": 71}",returned,DC-001-1,1,6,13/03/2025 08:04,10/05/2025 08:04,2025-05-10T08:04:00,10,18/05/2025 08:04,11,Loose stitching at seam
55,DLO-2025-001-M171-G3-P1,DLO-2025-001,171,3,2,Shanna Mullarkey,3rd Year,A,"{""chest_cm"": 91, ""waist_cm"": 85, ""hip_cm"": 96, ""shoulder_cm"": 38, ""sleeve_cm"": 50, ""length_cm"": 71}","{""chest_cm"": 91, ""waist_cm"": 85, ""hip_cm"": 96, ""shoulder_cm"": 38, ""sleeve_cm"": 50, ""length_cm"": 71}",delivered,DC-001-2,1,6,13/03/2025 08:04,10/05/2025 08:04,2025-05-10T08:04:00,10,,,
56,DLO-2025-001-M172-G3-P1,DLO-2025-001,172,3,2,Faith Largey,3rd Year,B,"{""chest_cm"": 91, ""waist_cm"": 81, ""hip_cm"": 92, ""shoulder_cm"": 38, ""sleeve_cm"": 50, ""length_cm"": 71}","{""chest_cm"": 91, ""waist_cm"": 81, ""hip_cm"": 92, ""shoulder_cm"": 38, ""sleeve_cm"": 50, ""length_cm"": 71}",delivered,DC-001-4,1,6,13/03/2025 08:04,10/05/2025 08:04,2025-05-10T08:04:00,10,,,
57,DLO-2026-003-M352-G2-P1,DLO-2026-003,352,2,4,Kathleen Fitzmaurice,Junior Infants,C,"{""chest_cm"": 74, ""waist_cm"": 69, ""hip_cm"": 82, ""shoulder_cm"": 31, ""sleeve_cm"": 41, ""length_cm"": 58}","{""chest_cm"": 74, ""waist_cm"": 69, ""hip_cm"": 82, ""shoulder_cm"": 31, ""sleeve_cm"": 41, ""length_cm"": 58}",delivered,DC-003-2,1,6,04/04/2026 09:37,11/06/2026 09:37,2026-06-11T09:37:00,10,,,
58,DLO-2026-003-M352-G5-P1,DLO-2026-003,352,5,5,Kathleen Fitzmaurice,Junior Infants,C,"{""chest_cm"": 74, ""waist_cm"": 69, ""hip_cm"": 82, ""shoulder_cm"": 31, ""sleeve_cm"": 41, ""length_cm"": 58}","{""chest_cm"": 74, ""waist_cm"": 69, ""hip_cm"": 82, ""shoulder_cm"": 31, ""sleeve_cm"": 41, ""length_cm"": 58}",delivered,DC-003-2,1,6,04/04/2026 09:37,11/06/2026 09:37,2026-06-11T09:37:00,10,,,
59,DLO-2026-003-M352-G5-P2,DLO-2026-003,352,5,5,Kathleen Fitzmaurice,Junior Infants,C,"{""chest_cm"": 74, ""waist_cm"": 69, ""hip_cm"": 82, ""shoulder_cm"": 31, ""sleeve_cm"": 41, ""length_cm"": 58}","{""chest_cm"": 74, ""waist_cm"": 69, ""hip_cm"": 82, ""shoulder_cm"": 31, ""sleeve_cm"": 41, ""length_cm"": 58}",delivered,DC-003-4,2,6,04/04/2026 09:37,11/06/2026 09:37,2026-06-11T09:37:00,10,,,
60,DLO-2026-003-M352-G10-P1,DLO-2026-003,352,10,6,Kathleen Fitzmaurice,Junior Infants,C,"{""chest_cm"": 74, ""waist_cm"": 69, ""hip_cm"": 82, ""shoulder_cm"": 31, ""sleeve_cm"": 41, ""length_cm"": 58}","{""chest_cm"": 74, ""waist_cm"": 69, ""hip_cm"": 82, ""shoulder_cm"": 31, ""sleeve_cm"": 41, ""length_cm"": 58}",delivered,DC-003-1,1,6,04/04/2026 09:37,11/06/2026 09:37,2026-06-11T09:37:00,10,,,
61,DLO-2026-003-M352-G11-P1,DLO-2026-003,352,11,7,Kathleen Fitzmaurice,Junior Infants,C,"{""chest_cm"": 74, ""waist_cm"": 69, ""hip_cm"": 82, ""shoulder_cm"": 31, ""sleeve_cm"": 41, ""length_cm"": 58}","{""chest_cm"": 74, ""waist_cm"": 69, ""hip_cm"": 82, ""shoulder_cm"": 31, ""sleeve_cm"": 41, ""length_cm"": 58}",delivered,DC-003-2,1,6,04/04/2026 09:37,11/06/2026 09:37,2026-06-11T09:37:00,10,,,
62,DLO-2026-003-M364-G1-P1,DLO-2026-003,364,1,3,Eamon Cassidy,3rd Class,C,"{""chest_cm"": 67, ""waist_cm"": 63, ""hip_cm"": 72, ""shoulder_cm"": 28, ""sleeve_cm"": 37, ""length_cm"": 52}","{""chest_cm"": 67, ""waist_cm"": 63, ""hip_cm"": 72, ""shoulder_cm"": 28, ""sleeve_cm"": 37, ""length_cm"": 52}",delivered,DC-003-1,1,6,04/04/2026 09:37,11/06/2026 09:37,2026-06-11T09:37:00,10,,,
63,DLO-2026-003-M364-G5-P1,DLO-2026-003,364,5,5,Eamon Cassidy,3rd Class,C,"{""chest_cm"": 67, ""waist_cm"": 63, ""hip_cm"": 72, ""shoulder_cm"": 28, ""sleeve_cm"": 37, ""length_cm"": 52}","{""chest_cm"": 67, ""waist_cm"": 63, ""hip_cm"": 72, ""shoulder_cm"": 28, ""sleeve_cm"": 37, ""length_cm"": 52}",delivered,DC-003-1,1,6,04/04/2026 09:37,11/06/2026 09:37,2026-06-11T09:37:00,10,,,
64,DLO-2026-003-M364-G5-P2,DLO-2026-003,364,5,5,Eamon Cassidy,3rd Class,C,"{""chest_cm"": 67, ""waist_cm"": 63, ""hip_cm"": 72, ""shoulder_cm"": 28, ""sleeve_cm"": 37, ""length_cm"": 52}","{""chest_cm"": 67, ""waist_cm"": 63, ""hip_cm"": 72, ""shoulder_cm"": 28, ""sleeve_cm"": 37, ""length_cm"": 52}",delivered,DC-003-2,2,6,04/04/2026 09:37,11/06/2026 09:37,2026-06-11T09:37:00,10,,,
65,DLO-2026-003-M364-G10-P1,DLO-2026-003,364,10,6,Eamon Cassidy,3rd Class,C,"{""chest_cm"": 67, ""waist_cm"": 63, ""hip_cm"": 72, ""shoulder_cm"": 28, ""sleeve_cm"": 37, ""length_cm"": 52}","{""chest_cm"": 67, ""waist_cm"": 63, ""hip_cm"": 72, ""shoulder_cm"": 28, ""sleeve_cm"": 37, ""length_cm"": 52}",delivered,DC-003-3,1,6,04/04/2026 09:37,11/06/2026 09:37,2026-06-11T09:37:00,10,,,
66,DLO-2026-003-M364-G11-P1,DLO-2026-003,364,11,7,Eamon Cassidy,3rd Class,C,"{""chest_cm"": 67, ""waist_cm"": 63, ""hip_cm"": 72, ""shoulder_cm"": 28, ""sleeve_cm"": 37, ""length_cm"": 52}","{""chest_cm"": 67, ""waist_cm"": 63, ""hip_cm"": 72, ""shoulder_cm"": 28, ""sleeve_cm"": 37, ""length_cm"": 52}",delivered,DC-003-4,1,6,04/04/2026 09:37,11/06/2026 09:37,2026-06-11T09:37:00,10,,,
67,DLO-2026-003-M365-G2-P1,DLO-2026-003,365,2,4,Hayley Colly,5th Class,B,"{""chest_cm"": 76, ""waist_cm"": 71, ""hip_cm"": 82, ""shoulder_cm"": 32, ""sleeve_cm"": 42, ""length_cm"": 59}","{""chest_cm"": 76, ""waist_cm"": 71, ""hip_cm"": 82, ""shoulder_cm"": 32, ""sleeve_cm"": 42, ""length_cm"": 59}",delivered,DC-003-3,1,6,04/04/2026 09:37,11/06/2026 09:37,2026-06-11T09:37:00,10,,,
68,DLO-2026-003-M365-G5-P1,DLO-2026-003,365,5,5,Hayley Colly,5th Class,B,"{""chest_cm"": 76, ""waist_cm"": 71, ""hip_cm"": 82, ""shoulder_cm"": 32, ""sleeve_cm"": 42, ""length_cm"": 59}","{""chest_cm"": 76, ""waist_cm"": 71, ""hip_cm"": 82, ""shoulder_cm"": 32, ""sleeve_cm"": 42, ""length_cm"": 59}",delivered,DC-003-2,1,6,04/04/2026 09:37,11/06/2026 09:37,2026-06-11T09:37:00,10,,,
69,DLO-2026-003-M365-G5-P2,DLO-2026-003,365,5,5,Hayley Colly,5th Class,B,"{""chest_cm"": 76, ""waist_cm"": 71, ""hip_cm"": 82, ""shoulder_cm"": 32, ""sleeve_cm"": 42, ""length_cm"": 59}","{""chest_cm"": 76, ""waist_cm"": 71, ""hip_cm"": 82, ""shoulder_cm"": 32, ""sleeve_cm"": 42, ""length_cm"": 59}",delivered,DC-003-4,2,6,04/04/2026 09:37,11/06/2026 09:37,2026-06-11T09:37:00,10,,,
70,DLO-2026-003-M365-G10-P1,DLO-2026-003,365,10,6,Hayley Colly,5th Class,B,"{""chest_cm"": 76, ""waist_cm"": 71, ""hip_cm"": 82, ""shoulder_cm"": 32, ""sleeve_cm"": 42, ""length_cm"": 59}","{""chest_cm"": 76, ""waist_cm"": 71, ""hip_cm"": 82, ""shoulder_cm"": 32, ""sleeve_cm"": 42, ""length_cm"": 59}",delivered,DC-003-3,1,6,04/04/2026 09:37,11/06/2026 09:37,2026-06-11T09:37:00,10,,,
71,DLO-2026-003-M365-G11-P1,DLO-2026-003,365,11,7,Hayley Colly,5th Class,B,"{""chest_cm"": 76, ""waist_cm"": 71, ""hip_cm"": 82, ""shoulder_cm"": 32, ""sleeve_cm"": 42, ""length_cm"": 59}","{""chest_cm"": 76, ""waist_cm"": 71, ""hip_cm"": 82, ""shoulder_cm"": 32, ""sleeve_cm"": 42, ""length_cm"": 59}",delivered,DC-003-2,1,6,04/04/2026 09:37,11/06/2026 09:37,2026-06-11T09:37:00,10,,,
72,DLO-2026-003-M367-G2-P1,DLO-2026-003,367,2,4,Aislinn Keohan,3rd Class,C,"{""chest_cm"": 78, ""waist_cm"": 73, ""hip_cm"": 83, ""shoulder_cm"": 33, ""sleeve_cm"": 43, ""length_cm"": 61}","{""chest_cm"": 78, ""waist_cm"": 73, ""hip_cm"": 83, ""shoulder_cm"": 33, ""sleeve_cm"": 43, ""length_cm"": 61}",delivered,DC-003-2,1,6,04/04/2026 09:37,11/06/2026 09:37,2026-06-11T09:37:00,10,,,
73,DLO-2026-003-M367-G5-P1,DLO-2026-003,367,5,5,Aislinn Keohan,3rd Class,C,"{""chest_cm"": 78, ""waist_cm"": 73, ""hip_cm"": 83, ""shoulder_cm"": 33, ""sleeve_cm"": 43, ""length_cm"": 61}","{""chest_cm"": 78, ""waist_cm"": 73, ""hip_cm"": 83, ""shoulder_cm"": 33, ""sleeve_cm"": 43, ""length_cm"": 61}",delivered,DC-003-4,1,6,04/04/2026 09:37,11/06/2026 09:37,2026-06-11T09:37:00,10,,,
74,DLO-2026-003-M367-G5-P2,DLO-2026-003,367,5,5,Aislinn Keohan,3rd Class,C,"{""chest_cm"": 78, ""waist_cm"": 73, ""hip_cm"": 83, ""shoulder_cm"": 33, ""sleeve_cm"": 43, ""length_cm"": 61}","{""chest_cm"": 78, ""waist_cm"": 73, ""hip_cm"": 83, ""shoulder_cm"": 33, ""sleeve_cm"": 43, ""length_cm"": 61}",delivered,DC-003-1,2,6,04/04/2026 09:37,11/06/2026 09:37,2026-06-11T09:37:00,10,,,
75,DLO-2026-003-M367-G10-P1,DLO-2026-003,367,10,6,Aislinn Keohan,3rd Class,C,"{""chest_cm"": 78, ""waist_cm"": 73, ""hip_cm"": 83, ""shoulder_cm"": 33, ""sleeve_cm"": 43, ""length_cm"": 61}","{""chest_cm"": 78, ""waist_cm"": 73, ""hip_cm"": 83, ""shoulder_cm"": 33, ""sleeve_cm"": 43, ""length_cm"": 61}",delivered,DC-003-3,1,6,04/04/2026 09:37,11/06/2026 09:37,2026-06-11T09:37:00,10,,,
76,DLO-2026-003-M367-G11-P1,DLO-2026-003,367,11,7,Aislinn Keohan,3rd Class,C,"{""chest_cm"": 78, ""waist_cm"": 73, ""hip_cm"": 83, ""shoulder_cm"": 33, ""sleeve_cm"": 43, ""length_cm"": 61}","{""chest_cm"": 78, ""waist_cm"": 73, ""hip_cm"": 83, ""shoulder_cm"": 33, ""sleeve_cm"": 43, ""length_cm"": 61}",delivered,DC-003-2,1,6,04/04/2026 09:37,11/06/2026 09:37,2026-06-11T09:37:00,10,,,
77,DLO-2026-003-M374-G1-P1,DLO-2026-003,374,1,3,Carl Quinn,3rd Class,A,"{""chest_cm"": 79, ""waist_cm"": 71, ""hip_cm"": 84, ""shoulder_cm"": 33, ""sleeve_cm"": 43, ""length_cm"": 62}","{""chest_cm"": 79, ""waist_cm"": 71, ""hip_cm"": 84, ""shoulder_cm"": 33, ""sleeve_cm"": 43, ""length_cm"": 62}",delivered,DC-003-2,1,6,04/04/2026 09:37,11/06/2026 09:37,2026-06-11T09:37:00,10,,,
78,DLO-2026-003-M374-G5-P1,DLO-2026-003,374,5,5,Carl Quinn,3rd Class,A,"{""chest_cm"": 79, ""waist_cm"": 71, ""hip_cm"": 84, ""shoulder_cm"": 33, ""sleeve_cm"": 43, ""length_cm"": 62}","{""chest_cm"": 79, ""waist_cm"": 71, ""hip_cm"": 84, ""shoulder_cm"": 33, ""sleeve_cm"": 43, ""length_cm"": 62}",delivered,DC-003-1,1,6,04/04/2026 09:37,11/06/2026 09:37,2026-06-11T09:37:00,10,,,
79,DLO-2026-003-M374-G5-P2,DLO-2026-003,374,5,5,Carl Quinn,3rd Class,A,"{""chest_cm"": 79, ""waist_cm"": 71, ""hip_cm"": 84, ""shoulder_cm"": 33, ""sleeve_cm"": 43, ""length_cm"": 62}","{""chest_cm"": 79, ""waist_cm"": 71, ""hip_cm"": 84, ""shoulder_cm"": 33, ""sleeve_cm"": 43, ""length_cm"": 62}",delivered,DC-003-3,2,6,04/04/2026 09:37,11/06/2026 09:37,2026-06-11T09:37:00,10,,,
80,DLO-2026-003-M374-G10-P1,DLO-2026-003,374,10,6,Carl Quinn,3rd Class,A,"{""chest_cm"": 79, ""waist_cm"": 71, ""hip_cm"": 84, ""shoulder_cm"": 33, ""sleeve_cm"": 43, ""length_cm"": 62}","{""chest_cm"": 79, ""waist_cm"": 71, ""hip_cm"": 84, ""shoulder_cm"": 33, ""sleeve_cm"": 43, ""length_cm"": 62}",delivered,DC-003-2,1,6,04/04/2026 09:37,11/06/2026 09:37,2026-06-11T09:37:00,10,,,
81,DLO-2026-003-M374-G11-P1,DLO-2026-003,374,11,7,Carl Quinn,3rd Class,A,"{""chest_cm"": 79, ""waist_cm"": 71, ""hip_cm"": 84, ""shoulder_cm"": 33, ""sleeve_cm"": 43, ""length_cm"": 62}","{""chest_cm"": 79, ""waist_cm"": 71, ""hip_cm"": 84, ""shoulder_cm"": 33, ""sleeve_cm"": 43, ""length_cm"": 62}",delivered,DC-003-4,1,6,04/04/2026 09:37,11/06/2026 09:37,2026-06-11T09:37:00,10,,,
82,DLO-2026-003-M376-G1-P1,DLO-2026-003,376,1,3,Feargal Canny,Senior Infants,C,"{""chest_cm"": 67, ""waist_cm"": 61, ""hip_cm"": 68, ""shoulder_cm"": 28, ""sleeve_cm"": 37, ""length_cm"": 52}","{""chest_cm"": 67, ""waist_cm"": 61, ""hip_cm"": 68, ""shoulder_cm"": 28, ""sleeve_cm"": 37, ""length_cm"": 52}",delivered,DC-003-1,1,6,04/04/2026 09:37,11/06/2026 09:37,2026-06-11T09:37:00,10,,,
83,DLO-2026-003-M376-G5-P1,DLO-2026-003,376,5,5,Feargal Canny,Senior Infants,C,"{""chest_cm"": 67, ""waist_cm"": 61, ""hip_cm"": 68, ""shoulder_cm"": 28, ""sleeve_cm"": 37, ""length_cm"": 52}","{""chest_cm"": 67, ""waist_cm"": 61, ""hip_cm"": 68, ""shoulder_cm"": 28, ""sleeve_cm"": 37, ""length_cm"": 52}",delivered,DC-003-4,1,6,04/04/2026 09:37,11/06/2026 09:37,2026-06-11T09:37:00,10,,,
84,DLO-2026-003-M376-G5-P2,DLO-2026-003,376,5,5,Feargal Canny,Senior Infants,C,"{""chest_cm"": 67, ""waist_cm"": 61, ""hip_cm"": 68, ""shoulder_cm"": 28, ""sleeve_cm"": 37, ""length_cm"": 52}","{""chest_cm"": 67, ""waist_cm"": 61, ""hip_cm"": 68, ""shoulder_cm"": 28, ""sleeve_cm"": 37, ""length_cm"": 52}",delivered,DC-003-4,2,6,04/04/2026 09:37,11/06/2026 09:37,2026-06-11T09:37:00,10,,,
85,DLO-2026-003-M376-G10-P1,DLO-2026-003,376,10,6,Feargal Canny,Senior Infants,C,"{""chest_cm"": 67, ""waist_cm"": 61, ""hip_cm"": 68, ""shoulder_cm"": 28, ""sleeve_cm"": 37, ""length_cm"": 52}","{""chest_cm"": 67, ""waist_cm"": 61, ""hip_cm"": 68, ""shoulder_cm"": 28, ""sleeve_cm"": 37, ""length_cm"": 52}",returned,DC-003-2,1,6,04/04/2026 09:37,11/06/2026 09:37,2026-06-11T09:37:00,10,14/06/2026 09:37,11,Crest embroidery misplaced
86,DLO-2026-003-M376-G11-P1,DLO-2026-003,376,11,7,Feargal Canny,Senior Infants,C,"{""chest_cm"": 67, ""waist_cm"": 61, ""hip_cm"": 68, ""shoulder_cm"": 28, ""sleeve_cm"": 37, ""length_cm"": 52}","{""chest_cm"": 67, ""waist_cm"": 61, ""hip_cm"": 68, ""shoulder_cm"": 28, ""sleeve_cm"": 37, ""length_cm"": 52}",delivered,DC-003-3,1,6,04/04/2026 09:37,11/06/2026 09:37,2026-06-11T09:37:00,10,,,
87,DLO-2026-003-M378-G1-P1,DLO-2026-003,378,1,3,Malcolm McGinley,6th Class,C,"{""chest_cm"": 76, ""waist_cm"": 67, ""hip_cm"": 81, ""shoulder_cm"": 32, ""sleeve_cm"": 42, ""length_cm"": 59}","{""chest_cm"": 76, ""waist_cm"": 67, ""hip_cm"": 81, ""shoulder_cm"": 32, ""sleeve_cm"": 42, ""length_cm"": 59}",delivered,DC-003-1,1,6,04/04/2026 09:37,11/06/2026 09:37,2026-06-11T09:37:00,10,,,
88,DLO-2026-003-M378-G5-P1,DLO-2026-003,378,5,5,Malcolm McGinley,6th Class,C,"{""chest_cm"": 76, ""waist_cm"": 67, ""hip_cm"": 81, ""shoulder_cm"": 32, ""sleeve_cm"": 42, ""length_cm"": 59}","{""chest_cm"": 76, ""waist_cm"": 67, ""hip_cm"": 81, ""shoulder_cm"": 32, ""sleeve_cm"": 42, ""length_cm"": 59}",delivered,DC-003-1,1,6,04/04/2026 09:37,11/06/2026 09:37,2026-06-11T09:37:00,10,,,
89,DLO-2026-003-M378-G5-P2,DLO-2026-003,378,5,5,Malcolm McGinley,6th Class,C,"{""chest_cm"": 76, ""waist_cm"": 67, ""hip_cm"": 81, ""shoulder_cm"": 32, ""sleeve_cm"": 42, ""length_cm"": 59}","{""chest_cm"": 76, ""waist_cm"": 67, ""hip_cm"": 81, ""shoulder_cm"": 32, ""sleeve_cm"": 42, ""length_cm"": 59}",delivered,DC-003-1,2,6,04/04/2026 09:37,11/06/2026 09:37,2026-06-11T09:37:00,10,,,
90,DLO-2026-003-M378-G10-P1,DLO-2026-003,378,10,6,Malcolm McGinley,6th Class,C,"{""chest_cm"": 76, ""waist_cm"": 67, ""hip_cm"": 81, ""shoulder_cm"": 32, ""sleeve_cm"": 42, ""length_cm"": 59}","{""chest_cm"": 76, ""waist_cm"": 67, ""hip_cm"": 81, ""shoulder_cm"": 32, ""sleeve_cm"": 42, ""length_cm"": 59}",delivered,DC-003-3,1,6,04/04/2026 09:37,11/06/2026 09:37,2026-06-11T09:37:00,10,,,
91,DLO-2026-003-M378-G11-P1,DLO-2026-003,378,11,7,Malcolm McGinley,6th Class,C,"{""chest_cm"": 76, ""waist_cm"": 67, ""hip_cm"": 81, ""shoulder_cm"": 32, ""sleeve_cm"": 42, ""length_cm"": 59}","{""chest_cm"": 76, ""waist_cm"": 67, ""hip_cm"": 81, ""shoulder_cm"": 32, ""sleeve_cm"": 42, ""length_cm"": 59}",delivered,DC-003-3,1,6,04/04/2026 09:37,11/06/2026 09:37,2026-06-11T09:37:00,10,,,
92,DLO-2026-003-M379-G1-P1,DLO-2026-003,379,1,3,Gabriel Mackey,4th Class,B,"{""chest_cm"": 59, ""waist_cm"": 54, ""hip_cm"": 66, ""shoulder_cm"": 25, ""sleeve_cm"": 32, ""length_cm"": 46}","{""chest_cm"": 59, ""waist_cm"": 54, ""hip_cm"": 66, ""shoulder_cm"": 25, ""sleeve_cm"": 32, ""length_cm"": 46}",delivered,DC-003-2,1,6,04/04/2026 09:37,11/06/2026 09:37,2026-06-11T09:37:00,10,,,
93,DLO-2026-003-M379-G5-P1,DLO-2026-003,379,5,5,Gabriel Mackey,4th Class,B,"{""chest_cm"": 59, ""waist_cm"": 54, ""hip_cm"": 66, ""shoulder_cm"": 25, ""sleeve_cm"": 32, ""length_cm"": 46}","{""chest_cm"": 59, ""waist_cm"": 54, ""hip_cm"": 66, ""shoulder_cm"": 25, ""sleeve_cm"": 32, ""length_cm"": 46}",delivered,DC-003-2,1,6,04/04/2026 09:37,11/06/2026 09:37,2026-06-11T09:37:00,10,,,
94,DLO-2026-003-M379-G5-P2,DLO-2026-003,379,5,5,Gabriel Mackey,4th Class,B,"{""chest_cm"": 59, ""waist_cm"": 54, ""hip_cm"": 66, ""shoulder_cm"": 25, ""sleeve_cm"": 32, ""length_cm"": 46}","{""chest_cm"": 59, ""waist_cm"": 54, ""hip_cm"": 66, ""shoulder_cm"": 25, ""sleeve_cm"": 32, ""length_cm"": 46}",delivered,DC-003-3,2,6,04/04/2026 09:37,11/06/2026 09:37,2026-06-11T09:37:00,10,,,
95,DLO-2026-003-M379-G10-P1,DLO-2026-003,379,10,6,Gabriel Mackey,4th Class,B,"{""chest_cm"": 59, ""waist_cm"": 54, ""hip_cm"": 66, ""shoulder_cm"": 25, ""sleeve_cm"": 32, ""length_cm"": 46}","{""chest_cm"": 59, ""waist_cm"": 54, ""hip_cm"": 66, ""shoulder_cm"": 25, ""sleeve_cm"": 32, ""length_cm"": 46}",returned,DC-003-3,1,6,04/04/2026 09:37,11/06/2026 09:37,2026-06-11T09:37:00,10,19/06/2026 09:37,11,Fabric shade mismatch
96,DLO-2026-003-M379-G11-P1,DLO-2026-003,379,11,7,Gabriel Mackey,4th Class,B,"{""chest_cm"": 59, ""waist_cm"": 54, ""hip_cm"": 66, ""shoulder_cm"": 25, ""sleeve_cm"": 32, ""length_cm"": 46}","{""chest_cm"": 59, ""waist_cm"": 54, ""hip_cm"": 66, ""shoulder_cm"": 25, ""sleeve_cm"": 32, ""length_cm"": 46}",delivered,DC-003-3,1,6,04/04/2026 09:37,11/06/2026 09:37,2026-06-11T09:37:00,10,,,
97,DLO-2026-003-M381-G2-P1,DLO-2026-003,381,2,4,Leona Tyrrell,2nd Class,C,"{""chest_cm"": 81, ""waist_cm"": 73, ""hip_cm"": 81, ""shoulder_cm"": 34, ""sleeve_cm"": 45, ""length_cm"": 63}","{""chest_cm"": 81, ""waist_cm"": 73, ""hip_cm"": 81, ""shoulder_cm"": 34, ""sleeve_cm"": 45, ""length_cm"": 63}",delivered,DC-003-2,1,6,04/04/2026 09:37,11/06/2026 09:37,2026-06-11T09:37:00,10,,,
98,DLO-2026-003-M381-G5-P1,DLO-2026-003,381,5,5,Leona Tyrrell,2nd Class,C,"{""chest_cm"": 81, ""waist_cm"": 73, ""hip_cm"": 81, ""shoulder_cm"": 34, ""sleeve_cm"": 45, ""length_cm"": 63}","{""chest_cm"": 81, ""waist_cm"": 73, ""hip_cm"": 81, ""shoulder_cm"": 34, ""sleeve_cm"": 45, ""length_cm"": 63}",delivered,DC-003-2,1,6,04/04/2026 09:37,11/06/2026 09:37,2026-06-11T09:37:00,10,,,
99,DLO-2026-003-M381-G5-P2,DLO-2026-003,381,5,5,Leona Tyrrell,2nd Class,C,"{""chest_cm"": 81, ""waist_cm"": 73, ""hip_cm"": 81, ""shoulder_cm"": 34, ""sleeve_cm"": 45, ""length_cm"": 63}","{""chest_cm"": 81, ""waist_cm"": 73, ""hip_cm"": 81, ""shoulder_cm"": 34, ""sleeve_cm"": 45, ""length_cm"": 63}",returned,DC-003-3,2,6,04/04/2026 09:37,11/06/2026 09:37,2026-06-11T09:37:00,10,15/06/2026 09:37,11,Fabric shade mismatch
100,DLO-2026-003-M381-G10-P1,DLO-2026-003,381,10,6,Leona Tyrrell,2nd Class,C,"{""chest_cm"": 81, ""waist_cm"": 73, ""hip_cm"": 81, ""shoulder_cm"": 34, ""sleeve_cm"": 45, ""length_cm"": 63}","{""chest_cm"": 81, ""waist_cm"": 73, ""hip_cm"": 81, ""shoulder_cm"": 34, ""sleeve_cm"": 45, ""length_cm"": 63}",delivered,DC-003-2,1,6,04/04/2026 09:37,11/06/2026 09:37,2026-06-11T09:37:00,10,,,
101,DLO-2026-003-M381-G11-P1,DLO-2026-003,381,11,7,Leona Tyrrell,2nd Class,C,"{""chest_cm"": 81, ""waist_cm"": 73, ""hip_cm"": 81, ""shoulder_cm"": 34, ""sleeve_cm"": 45, ""length_cm"": 63}","{""chest_cm"": 81, ""waist_cm"": 73, ""hip_cm"": 81, ""shoulder_cm"": 34, ""sleeve_cm"": 45, ""length_cm"": 63}",delivered,DC-003-1,1,6,04/04/2026 09:37,11/06/2026 09:37,2026-06-11T09:37:00,10,,,
102,DLO-2026-003-M384-G1-P1,DLO-2026-003,384,1,3,Danny O'Mahoney,5th Class,C,"{""chest_cm"": 80, ""waist_cm"": 72, ""hip_cm"": 86, ""shoulder_cm"": 34, ""sleeve_cm"": 44, ""length_cm"": 62}","{""chest_cm"": 80, ""waist_cm"": 72, ""hip_cm"": 86, ""shoulder_cm"": 34, ""sleeve_cm"": 44, ""length_cm"": 62}",delivered,DC-003-3,1,6,04/04/2026 09:37,11/06/2026 09:37,2026-06-11T09:37:00,10,,,
103,DLO-2026-003-M384-G5-P1,DLO-2026-003,384,5,5,Danny O'Mahoney,5th Class,C,"{""chest_cm"": 80, ""waist_cm"": 72, ""hip_cm"": 86, ""shoulder_cm"": 34, ""sleeve_cm"": 44, ""length_cm"": 62}","{""chest_cm"": 80, ""waist_cm"": 72, ""hip_cm"": 86, ""shoulder_cm"": 34, ""sleeve_cm"": 44, ""length_cm"": 62}",delivered,DC-003-3,1,6,04/04/2026 09:37,11/06/2026 09:37,2026-06-11T09:37:00,10,,,
104,DLO-2026-003-M384-G5-P2,DLO-2026-003,384,5,5,Danny O'Mahoney,5th Class,C,"{""chest_cm"": 80, ""waist_cm"": 72, ""hip_cm"": 86, ""shoulder_cm"": 34, ""sleeve_cm"": 44, ""length_cm"": 62}","{""chest_cm"": 80, ""waist_cm"": 72, ""hip_cm"": 86, ""shoulder_cm"": 34, ""sleeve_cm"": 44, ""length_cm"": 62}",delivered,DC-003-2,2,6,04/04/2026 09:37,11/06/2026 09:37,2026-06-11T09:37:00,10,,,
105,DLO-2026-003-M384-G10-P1,DLO-2026-003,384,10,6,Danny O'Mahoney,5th Class,C,"{""chest_cm"": 80, ""waist_cm"": 72, ""hip_cm"": 86, ""shoulder_cm"": 34, ""sleeve_cm"": 44, ""length_cm"": 62}","{""chest_cm"": 80, ""waist_cm"": 72, ""hip_cm"": 86, ""shoulder_cm"": 34, ""sleeve_cm"": 44, ""length_cm"": 62}",delivered,DC-003-3,1,6,04/04/2026 09:37,11/06/2026 09:37,2026-06-11T09:37:00,10,,,
106,DLO-2026-003-M384-G11-P1,DLO-2026-003,384,11,7,Danny O'Mahoney,5th Class,C,"{""chest_cm"": 80, ""waist_cm"": 72, ""hip_cm"": 86, ""shoulder_cm"": 34, ""sleeve_cm"": 44, ""length_cm"": 62}","{""chest_cm"": 80, ""waist_cm"": 72, ""hip_cm"": 86, ""shoulder_cm"": 34, ""sleeve_cm"": 44, ""length_cm"": 62}",delivered,DC-003-1,1,6,04/04/2026 09:37,11/06/2026 09:37,2026-06-11T09:37:00,10,,,
107,DLO-2026-003-M388-G1-P1,DLO-2026-003,388,1,3,Fionntan Neilan,6th Class,A,"{""chest_cm"": 77, ""waist_cm"": 70, ""hip_cm"": 83, ""shoulder_cm"": 32, ""sleeve_cm"": 42, ""length_cm"": 60}","{""chest_cm"": 77, ""waist_cm"": 70, ""hip_cm"": 83, ""shoulder_cm"": 32, ""sleeve_cm"": 42, ""length_cm"": 60}",delivered,DC-003-3,1,6,04/04/2026 09:37,11/06/2026 09:37,2026-06-11T09:37:00,10,,,
108,DLO-2026-003-M388-G5-P1,DLO-2026-003,388,5,5,Fionntan Neilan,6th Class,A,"{""chest_cm"": 77, ""waist_cm"": 70, ""hip_cm"": 83, ""shoulder_cm"": 32, ""sleeve_cm"": 42, ""length_cm"": 60}","{""chest_cm"": 77, ""waist_cm"": 70, ""hip_cm"": 83, ""shoulder_cm"": 32, ""sleeve_cm"": 42, ""length_cm"": 60}",delivered,DC-003-1,1,6,04/04/2026 09:37,11/06/2026 09:37,2026-06-11T09:37:00,10,,,
109,DLO-2026-003-M388-G5-P2,DLO-2026-003,388,5,5,Fionntan Neilan,6th Class,A,"{""chest_cm"": 77, ""waist_cm"": 70, ""hip_cm"": 83, ""shoulder_cm"": 32, ""sleeve_cm"": 42, ""length_cm"": 60}","{""chest_cm"": 77, ""waist_cm"": 70, ""hip_cm"": 83, ""shoulder_cm"": 32, ""sleeve_cm"": 42, ""length_cm"": 60}",delivered,DC-003-1,2,6,04/04/2026 09:37,11/06/2026 09:37,2026-06-11T09:37:00,10,,,
110,DLO-2026-003-M388-G10-P1,DLO-2026-003,388,10,6,Fionntan Neilan,6th Class,A,"{""chest_cm"": 77, ""waist_cm"": 70, ""hip_cm"": 83, ""shoulder_cm"": 32, ""sleeve_cm"": 42, ""length_cm"": 60}","{""chest_cm"": 77, ""waist_cm"": 70, ""hip_cm"": 83, ""shoulder_cm"": 32, ""sleeve_cm"": 42, ""length_cm"": 60}",delivered,DC-003-4,1,6,04/04/2026 09:37,11/06/2026 09:37,2026-06-11T09:37:00,10,,,
111,DLO-2026-003-M388-G11-P1,DLO-2026-003,388,11,7,Fionntan Neilan,6th Class,A,"{""chest_cm"": 77, ""waist_cm"": 70, ""hip_cm"": 83, ""shoulder_cm"": 32, ""sleeve_cm"": 42, ""length_cm"": 60}","{""chest_cm"": 77, ""waist_cm"": 70, ""hip_cm"": 83, ""shoulder_cm"": 32, ""sleeve_cm"": 42, ""length_cm"": 60}",delivered,DC-003-3,1,6,04/04/2026 09:37,11/06/2026 09:37,2026-06-11T09:37:00,10,,,
112,DLO-2026-003-M392-G1-P1,DLO-2026-003,392,1,3,Diarmuid McGuirl,1st Class,C,"{""chest_cm"": 77, ""waist_cm"": 72, ""hip_cm"": 85, ""shoulder_cm"": 32, ""sleeve_cm"": 42, ""length_cm"": 60}","{""chest_cm"": 77, ""waist_cm"": 72, ""hip_cm"": 85, ""shoulder_cm"": 32, ""sleeve_cm"": 42, ""length_cm"": 60}",delivered,DC-003-2,1,6,04/04/2026 09:37,11/06/2026 09:37,2026-06-11T09:37:00,10,,,
113,DLO-2026-003-M392-G5-P1,DLO-2026-003,392,5,5,Diarmuid McGuirl,1st Class,C,"{""chest_cm"": 77, ""waist_cm"": 72, ""hip_cm"": 85, ""shoulder_cm"": 32, ""sleeve_cm"": 42, ""length_cm"": 60}","{""chest_cm"": 77, ""waist_cm"": 72, ""hip_cm"": 85, ""shoulder_cm"": 32, ""sleeve_cm"": 42, ""length_cm"": 60}",delivered,DC-003-3,1,6,04/04/2026 09:37,11/06/2026 09:37,2026-06-11T09:37:00,10,,,
114,DLO-2026-003-M392-G5-P2,DLO-2026-003,392,5,5,Diarmuid McGuirl,1st Class,C,"{""chest_cm"": 77, ""waist_cm"": 72, ""hip_cm"": 85, ""shoulder_cm"": 32, ""sleeve_cm"": 42, ""length_cm"": 60}","{""chest_cm"": 77, ""waist_cm"": 72, ""hip_cm"": 85, ""shoulder_cm"": 32, ""sleeve_cm"": 42, ""length_cm"": 60}",delivered,DC-003-4,2,6,04/04/2026 09:37,11/06/2026 09:37,2026-06-11T09:37:00,10,,,
115,DLO-2026-003-M392-G10-P1,DLO-2026-003,392,10,6,Diarmuid McGuirl,1st Class,C,"{""chest_cm"": 77, ""waist_cm"": 72, ""hip_cm"": 85, ""shoulder_cm"": 32, ""sleeve_cm"": 42, ""length_cm"": 60}","{""chest_cm"": 77, ""waist_cm"": 72, ""hip_cm"": 85, ""shoulder_cm"": 32, ""sleeve_cm"": 42, ""length_cm"": 60}",delivered,DC-003-1,1,6,04/04/2026 09:37,11/06/2026 09:37,2026-06-11T09:37:00,10,,,
116,DLO-2026-003-M392-G11-P1,DLO-2026-003,392,11,7,Diarmuid McGuirl,1st Class,C,"{""chest_cm"": 77, ""waist_cm"": 72, ""hip_cm"": 85, ""shoulder_cm"": 32, ""sleeve_cm"": 42, ""length_cm"": 60}","{""chest_cm"": 77, ""waist_cm"": 72, ""hip_cm"": 85, ""shoulder_cm"": 32, ""sleeve_cm"": 42, ""length_cm"": 60}",delivered,DC-003-1,1,6,04/04/2026 09:37,11/06/2026 09:37,2026-06-11T09:37:00,10,,,
117,DLO-2026-003-M393-G2-P1,DLO-2026-003,393,2,4,Sarah-Jane MacEvoy,6th Class,A,"{""chest_cm"": 61, ""waist_cm"": 52, ""hip_cm"": 69, ""shoulder_cm"": 26, ""sleeve_cm"": 34, ""length_cm"": 48}","{""chest_cm"": 61, ""waist_cm"": 52, ""hip_cm"": 69, ""shoulder_cm"": 26, ""sleeve_cm"": 34, ""length_cm"": 48}",delivered,DC-003-4,1,6,04/04/2026 09:37,11/06/2026 09:37,2026-06-11T09:37:00,10,,,
118,DLO-2026-003-M393-G5-P1,DLO-2026-003,393,5,5,Sarah-Jane MacEvoy,6th Class,A,"{""chest_cm"": 61, ""waist_cm"": 52, ""hip_cm"": 69, ""shoulder_cm"": 26, ""sleeve_cm"": 34, ""length_cm"": 48}","{""chest_cm"": 61, ""waist_cm"": 52, ""hip_cm"": 69, ""shoulder_cm"": 26, ""sleeve_cm"": 34, ""length_cm"": 48}",delivered,DC-003-1,1,6,04/04/2026 09:37,11/06/2026 09:37,2026-06-11T09:37:00,10,,,
119,DLO-2026-003-M393-G5-P2,DLO-2026-003,393,5,5,Sarah-Jane MacEvoy,6th Class,A,"{""chest_cm"": 61, ""waist_cm"": 52, ""hip_cm"": 69, ""shoulder_cm"": 26, ""sleeve_cm"": 34, ""length_cm"": 48}","{""chest_cm"": 61, ""waist_cm"": 52, ""hip_cm"": 69, ""shoulder_cm"": 26, ""sleeve_cm"": 34, ""length_cm"": 48}",delivered,DC-003-2,2,6,04/04/2026 09:37,11/06/2026 09:37,2026-06-11T09:37:00,10,,,
120,DLO-2026-003-M393-G10-P1,DLO-2026-003,393,10,6,Sarah-Jane MacEvoy,6th Class,A,"{""chest_cm"": 61, ""waist_cm"": 52, ""hip_cm"": 69, ""shoulder_cm"": 26, ""sleeve_cm"": 34, ""length_cm"": 48}","{""chest_cm"": 61, ""waist_cm"": 52, ""hip_cm"": 69, ""shoulder_cm"": 26, ""sleeve_cm"": 34, ""length_cm"": 48}",delivered,DC-003-3,1,6,04/04/2026 09:37,11/06/2026 09:37,2026-06-11T09:37:00,10,,,
121,DLO-2026-003-M393-G11-P1,DLO-2026-003,393,11,7,Sarah-Jane MacEvoy,6th Class,A,"{""chest_cm"": 61, ""waist_cm"": 52, ""hip_cm"": 69, ""shoulder_cm"": 26, ""sleeve_cm"": 34, ""length_cm"": 48}","{""chest_cm"": 61, ""waist_cm"": 52, ""hip_cm"": 69, ""shoulder_cm"": 26, ""sleeve_cm"": 34, ""length_cm"": 48}",delivered,DC-003-2,1,6,04/04/2026 09:37,11/06/2026 09:37,2026-06-11T09:37:00,10,,,
122,DLO-2026-003-M394-G1-P1,DLO-2026-003,394,1,3,Arran Meaghan,2nd Class,B,"{""chest_cm"": 72, ""waist_cm"": 63, ""hip_cm"": 78, ""shoulder_cm"": 30, ""sleeve_cm"": 40, ""length_cm"": 56}","{""chest_cm"": 72, ""waist_cm"": 63, ""hip_cm"": 78, ""shoulder_cm"": 30, ""sleeve_cm"": 40, ""length_cm"": 56}",delivered,DC-003-2,1,6,04/04/2026 09:37,11/06/2026 09:37,2026-06-11T09:37:00,10,,,
123,DLO-2026-003-M394-G5-P1,DLO-2026-003,394,5,5,Arran Meaghan,2nd Class,B,"{""chest_cm"": 72, ""waist_cm"": 63, ""hip_cm"": 78, ""shoulder_cm"": 30, ""sleeve_cm"": 40, ""length_cm"": 56}","{""chest_cm"": 72, ""waist_cm"": 63, ""hip_cm"": 78, ""shoulder_cm"": 30, ""sleeve_cm"": 40, ""length_cm"": 56}",delivered,DC-003-2,1,6,04/04/2026 09:37,11/06/2026 09:37,2026-06-11T09:37:00,10,,,
124,DLO-2026-003-M394-G5-P2,DLO-2026-003,394,5,5,Arran Meaghan,2nd Class,B,"{""chest_cm"": 72, ""waist_cm"": 63, ""hip_cm"": 78, ""shoulder_cm"": 30, ""sleeve_cm"": 40, ""length_cm"": 56}","{""chest_cm"": 72, ""waist_cm"": 63, ""hip_cm"": 78, ""shoulder_cm"": 30, ""sleeve_cm"": 40, ""length_cm"": 56}",delivered,DC-003-3,2,6,04/04/2026 09:37,11/06/2026 09:37,2026-06-11T09:37:00,10,,,
125,DLO-2026-003-M394-G10-P1,DLO-2026-003,394,10,6,Arran Meaghan,2nd Class,B,"{""chest_cm"": 72, ""waist_cm"": 63, ""hip_cm"": 78, ""shoulder_cm"": 30, ""sleeve_cm"": 40, ""length_cm"": 56}","{""chest_cm"": 72, ""waist_cm"": 63, ""hip_cm"": 78, ""shoulder_cm"": 30, ""sleeve_cm"": 40, ""length_cm"": 56}",delivered,DC-003-2,1,6,04/04/2026 09:37,11/06/2026 09:37,2026-06-11T09:37:00,10,,,
126,DLO-2026-003-M394-G11-P1,DLO-2026-003,394,11,7,Arran Meaghan,2nd Class,B,"{""chest_cm"": 72, ""waist_cm"": 63, ""hip_cm"": 78, ""shoulder_cm"": 30, ""sleeve_cm"": 40, ""length_cm"": 56}","{""chest_cm"": 72, ""waist_cm"": 63, ""hip_cm"": 78, ""shoulder_cm"": 30, ""sleeve_cm"": 40, ""length_cm"": 56}",delivered,DC-003-1,1,6,04/04/2026 09:37,11/06/2026 09:37,2026-06-11T09:37:00,10,,,
127,DLO-2026-003-M396-G2-P1,DLO-2026-003,396,2,4,Kaitlin Crane,6th Class,A,"{""chest_cm"": 66, ""waist_cm"": 57, ""hip_cm"": 66, ""shoulder_cm"": 28, ""sleeve_cm"": 36, ""length_cm"": 51}","{""chest_cm"": 66, ""waist_cm"": 57, ""hip_cm"": 66, ""shoulder_cm"": 28, ""sleeve_cm"": 36, ""length_cm"": 51}",delivered,DC-003-1,1,6,04/04/2026 09:37,11/06/2026 09:37,2026-06-11T09:37:00,10,,,
128,DLO-2026-003-M396-G5-P1,DLO-2026-003,396,5,5,Kaitlin Crane,6th Class,A,"{""chest_cm"": 66, ""waist_cm"": 57, ""hip_cm"": 66, ""shoulder_cm"": 28, ""sleeve_cm"": 36, ""length_cm"": 51}","{""chest_cm"": 66, ""waist_cm"": 57, ""hip_cm"": 66, ""shoulder_cm"": 28, ""sleeve_cm"": 36, ""length_cm"": 51}",delivered,DC-003-4,1,6,04/04/2026 09:37,11/06/2026 09:37,2026-06-11T09:37:00,10,,,
129,DLO-2026-003-M396-G5-P2,DLO-2026-003,396,5,5,Kaitlin Crane,6th Class,A,"{""chest_cm"": 66, ""waist_cm"": 57, ""hip_cm"": 66, ""shoulder_cm"": 28, ""sleeve_cm"": 36, ""length_cm"": 51}","{""chest_cm"": 66, ""waist_cm"": 57, ""hip_cm"": 66, ""shoulder_cm"": 28, ""sleeve_cm"": 36, ""length_cm"": 51}",delivered,DC-003-1,2,6,04/04/2026 09:37,11/06/2026 09:37,2026-06-11T09:37:00,10,,,
130,DLO-2026-003-M396-G10-P1,DLO-2026-003,396,10,6,Kaitlin Crane,6th Class,A,"{""chest_cm"": 66, ""waist_cm"": 57, ""hip_cm"": 66, ""shoulder_cm"": 28, ""sleeve_cm"": 36, ""length_cm"": 51}","{""chest_cm"": 66, ""waist_cm"": 57, ""hip_cm"": 66, ""shoulder_cm"": 28, ""sleeve_cm"": 36, ""length_cm"": 51}",delivered,DC-003-4,1,6,04/04/2026 09:37,11/06/2026 09:37,2026-06-11T09:37:00,10,,,
131,DLO-2026-003-M396-G11-P1,DLO-2026-003,396,11,7,Kaitlin Crane,6th Class,A,"{""chest_cm"": 66, ""waist_cm"": 57, ""hip_cm"": 66, ""shoulder_cm"": 28, ""sleeve_cm"": 36, ""length_cm"": 51}","{""chest_cm"": 66, ""waist_cm"": 57, ""hip_cm"": 66, ""shoulder_cm"": 28, ""sleeve_cm"": 36, ""length_cm"": 51}",delivered,DC-003-2,1,6,04/04/2026 09:37,11/06/2026 09:37,2026-06-11T09:37:00,10,,,
132,DLO-2026-003-M398-G1-P1,DLO-2026-003,398,1,3,Craig Deeney,Senior Infants,B,"{""chest_cm"": 60, ""waist_cm"": 52, ""hip_cm"": 63, ""shoulder_cm"": 25, ""sleeve_cm"": 33, ""length_cm"": 47}","{""chest_cm"": 60, ""waist_cm"": 52, ""hip_cm"": 63, ""shoulder_cm"": 25, ""sleeve_cm"": 33, ""length_cm"": 47}",delivered,DC-003-1,1,6,04/04/2026 09:37,11/06/2026 09:37,2026-06-11T09:37:00,10,,,
133,DLO-2026-003-M398-G5-P1,DLO-2026-003,398,5,5,Craig Deeney,Senior Infants,B,"{""chest_cm"": 60, ""waist_cm"": 52, ""hip_cm"": 63, ""shoulder_cm"": 25, ""sleeve_cm"": 33, ""length_cm"": 47}","{""chest_cm"": 60, ""waist_cm"": 52, ""hip_cm"": 63, ""shoulder_cm"": 25, ""sleeve_cm"": 33, ""length_cm"": 47}",delivered,DC-003-1,1,6,04/04/2026 09:37,11/06/2026 09:37,2026-06-11T09:37:00,10,,,
134,DLO-2026-003-M398-G5-P2,DLO-2026-003,398,5,5,Craig Deeney,Senior Infants,B,"{""chest_cm"": 60, ""waist_cm"": 52, ""hip_cm"": 63, ""shoulder_cm"": 25, ""sleeve_cm"": 33, ""length_cm"": 47}","{""chest_cm"": 60, ""waist_cm"": 52, ""hip_cm"": 63, ""shoulder_cm"": 25, ""sleeve_cm"": 33, ""length_cm"": 47}",delivered,DC-003-3,2,6,04/04/2026 09:37,11/06/2026 09:37,2026-06-11T09:37:00,10,,,
135,DLO-2026-003-M398-G10-P1,DLO-2026-003,398,10,6,Craig Deeney,Senior Infants,B,"{""chest_cm"": 60, ""waist_cm"": 52, ""hip_cm"": 63, ""shoulder_cm"": 25, ""sleeve_cm"": 33, ""length_cm"": 47}","{""chest_cm"": 60, ""waist_cm"": 52, ""hip_cm"": 63, ""shoulder_cm"": 25, ""sleeve_cm"": 33, ""length_cm"": 47}",delivered,DC-003-1,1,6,04/04/2026 09:37,11/06/2026 09:37,2026-06-11T09:37:00,10,,,
136,DLO-2026-003-M398-G11-P1,DLO-2026-003,398,11,7,Craig Deeney,Senior Infants,B,"{""chest_cm"": 60, ""waist_cm"": 52, ""hip_cm"": 63, ""shoulder_cm"": 25, ""sleeve_cm"": 33, ""length_cm"": 47}","{""chest_cm"": 60, ""waist_cm"": 52, ""hip_cm"": 63, ""shoulder_cm"": 25, ""sleeve_cm"": 33, ""length_cm"": 47}",delivered,DC-003-3,1,6,04/04/2026 09:37,11/06/2026 09:37,2026-06-11T09:37:00,10,,,
137,DLO-2026-003-M399-G2-P1,DLO-2026-003,399,2,4,Laoise Bridson,Junior Infants,C,"{""chest_cm"": 84, ""waist_cm"": 76, ""hip_cm"": 90, ""shoulder_cm"": 35, ""sleeve_cm"": 46, ""length_cm"": 66}","{""chest_cm"": 84, ""waist_cm"": 76, ""hip_cm"": 90, ""shoulder_cm"": 35, ""sleeve_cm"": 46, ""length_cm"": 66}",delivered,DC-003-2,1,6,04/04/2026 09:37,11/06/2026 09:37,2026-06-11T09:37:00,10,,,
138,DLO-2026-003-M399-G5-P1,DLO-2026-003,399,5,5,Laoise Bridson,Junior Infants,C,"{""chest_cm"": 84, ""waist_cm"": 76, ""hip_cm"": 90, ""shoulder_cm"": 35, ""sleeve_cm"": 46, ""length_cm"": 66}","{""chest_cm"": 84, ""waist_cm"": 76, ""hip_cm"": 90, ""shoulder_cm"": 35, ""sleeve_cm"": 46, ""length_cm"": 66}",delivered,DC-003-4,1,6,04/04/2026 09:37,11/06/2026 09:37,2026-06-11T09:37:00,10,,,
139,DLO-2026-003-M399-G5-P2,DLO-2026-003,399,5,5,Laoise Bridson,Junior Infants,C,"{""chest_cm"": 84, ""waist_cm"": 76, ""hip_cm"": 90, ""shoulder_cm"": 35, ""sleeve_cm"": 46, ""length_cm"": 66}","{""chest_cm"": 84, ""waist_cm"": 76, ""hip_cm"": 90, ""shoulder_cm"": 35, ""sleeve_cm"": 46, ""length_cm"": 66}",delivered,DC-003-2,2,6,04/04/2026 09:37,11/06/2026 09:37,2026-06-11T09:37:00,10,,,
140,DLO-2026-003-M399-G10-P1,DLO-2026-003,399,10,6,Laoise Bridson,Junior Infants,C,"{""chest_cm"": 84, ""waist_cm"": 76, ""hip_cm"": 90, ""shoulder_cm"": 35, ""sleeve_cm"": 46, ""length_cm"": 66}","{""chest_cm"": 84, ""waist_cm"": 76, ""hip_cm"": 90, ""shoulder_cm"": 35, ""sleeve_cm"": 46, ""length_cm"": 66}",delivered,DC-003-4,1,6,04/04/2026 09:37,11/06/2026 09:37,2026-06-11T09:37:00,10,,,
141,DLO-2026-003-M399-G11-P1,DLO-2026-003,399,11,7,Laoise Bridson,Junior Infants,C,"{""chest_cm"": 84, ""waist_cm"": 76, ""hip_cm"": 90, ""shoulder_cm"": 35, ""sleeve_cm"": 46, ""length_cm"": 66}","{""chest_cm"": 84, ""waist_cm"": 76, ""hip_cm"": 90, ""shoulder_cm"": 35, ""sleeve_cm"": 46, ""length_cm"": 66}",delivered,DC-003-4,1,6,04/04/2026 09:37,11/06/2026 09:37,2026-06-11T09:37:00,10,,,
142,DLO-2026-003-M405-G1-P1,DLO-2026-003,405,1,3,Evan McHugh,2nd Class,C,"{""chest_cm"": 80, ""waist_cm"": 71, ""hip_cm"": 83, ""shoulder_cm"": 34, ""sleeve_cm"": 44, ""length_cm"": 62}","{""chest_cm"": 80, ""waist_cm"": 71, ""hip_cm"": 83, ""shoulder_cm"": 34, ""sleeve_cm"": 44, ""length_cm"": 62}",delivered,DC-003-4,1,6,04/04/2026 09:37,11/06/2026 09:37,2026-06-11T09:37:00,10,,,
143,DLO-2026-003-M405-G5-P1,DLO-2026-003,405,5,5,Evan McHugh,2nd Class,C,"{""chest_cm"": 80, ""waist_cm"": 71, ""hip_cm"": 83, ""shoulder_cm"": 34, ""sleeve_cm"": 44, ""length_cm"": 62}","{""chest_cm"": 80, ""waist_cm"": 71, ""hip_cm"": 83, ""shoulder_cm"": 34, ""sleeve_cm"": 44, ""length_cm"": 62}",delivered,DC-003-2,1,6,04/04/2026 09:37,11/06/2026 09:37,2026-06-11T09:37:00,10,,,
144,DLO-2026-003-M405-G5-P2,DLO-2026-003,405,5,5,Evan McHugh,2nd Class,C,"{""chest_cm"": 80, ""waist_cm"": 71, ""hip_cm"": 83, ""shoulder_cm"": 34, ""sleeve_cm"": 44, ""length_cm"": 62}","{""chest_cm"": 80, ""waist_cm"": 71, ""hip_cm"": 83, ""shoulder_cm"": 34, ""sleeve_cm"": 44, ""length_cm"": 62}",returned,DC-003-3,2,6,04/04/2026 09:37,11/06/2026 09:37,2026-06-11T09:37:00,10,21/06/2026 09:37,11,Hem fault
145,DLO-2026-003-M405-G10-P1,DLO-2026-003,405,10,6,Evan McHugh,2nd Class,C,"{""chest_cm"": 80, ""waist_cm"": 71, ""hip_cm"": 83, ""shoulder_cm"": 34, ""sleeve_cm"": 44, ""length_cm"": 62}","{""chest_cm"": 80, ""waist_cm"": 71, ""hip_cm"": 83, ""shoulder_cm"": 34, ""sleeve_cm"": 44, ""length_cm"": 62}",delivered,DC-003-3,1,6,04/04/2026 09:37,11/06/2026 09:37,2026-06-11T09:37:00,10,,,
146,DLO-2026-003-M405-G11-P1,DLO-2026-003,405,11,7,Evan McHugh,2nd Class,C,"{""chest_cm"": 80, ""waist_cm"": 71, ""hip_cm"": 83, ""shoulder_cm"": 34, ""sleeve_cm"": 44, ""length_cm"": 62}","{""chest_cm"": 80, ""waist_cm"": 71, ""hip_cm"": 83, ""shoulder_cm"": 34, ""sleeve_cm"": 44, ""length_cm"": 62}",delivered,DC-003-1,1,6,04/04/2026 09:37,11/06/2026 09:37,2026-06-11T09:37:00,10,,,
147,DLO-2026-003-M408-G1-P1,DLO-2026-003,408,1,3,Garrett Scannell,Senior Infants,C,"{""chest_cm"": 67, ""waist_cm"": 57, ""hip_cm"": 70, ""shoulder_cm"": 28, ""sleeve_cm"": 37, ""length_cm"": 52}","{""chest_cm"": 67, ""waist_cm"": 57, ""hip_cm"": 70, ""shoulder_cm"": 28, ""sleeve_cm"": 37, ""length_cm"": 52}",delivered,DC-003-1,1,6,04/04/2026 09:37,11/06/2026 09:37,2026-06-11T09:37:00,10,,,
148,DLO-2026-003-M408-G5-P1,DLO-2026-003,408,5,5,Garrett Scannell,Senior Infants,C,"{""chest_cm"": 67, ""waist_cm"": 57, ""hip_cm"": 70, ""shoulder_cm"": 28, ""sleeve_cm"": 37, ""length_cm"": 52}","{""chest_cm"": 67, ""waist_cm"": 57, ""hip_cm"": 70, ""shoulder_cm"": 28, ""sleeve_cm"": 37, ""length_cm"": 52}",delivered,DC-003-1,1,6,04/04/2026 09:37,11/06/2026 09:37,2026-06-11T09:37:00,10,,,
149,DLO-2026-003-M408-G5-P2,DLO-2026-003,408,5,5,Garrett Scannell,Senior Infants,C,"{""chest_cm"": 67, ""waist_cm"": 57, ""hip_cm"": 70, ""shoulder_cm"": 28, ""sleeve_cm"": 37, ""length_cm"": 52}","{""chest_cm"": 67, ""waist_cm"": 57, ""hip_cm"": 70, ""shoulder_cm"": 28, ""sleeve_cm"": 37, ""length_cm"": 52}",delivered,DC-003-4,2,6,04/04/2026 09:37,11/06/2026 09:37,2026-06-11T09:37:00,10,,,
150,DLO-2026-003-M408-G10-P1,DLO-2026-003,408,10,6,Garrett Scannell,Senior Infants,C,"{""chest_cm"": 67, ""waist_cm"": 57, ""hip_cm"": 70, ""shoulder_cm"": 28, ""sleeve_cm"": 37, ""length_cm"": 52}","{""chest_cm"": 67, ""waist_cm"": 57, ""hip_cm"": 70, ""shoulder_cm"": 28, ""sleeve_cm"": 37, ""length_cm"": 52}",delivered,DC-003-4,1,6,04/04/2026 09:37,11/06/2026 09:37,2026-06-11T09:37:00,10,,,
151,DLO-2026-003-M408-G11-P1,DLO-2026-003,408,11,7,Garrett Scannell,Senior Infants,C,"{""chest_cm"": 67, ""waist_cm"": 57, ""hip_cm"": 70, ""shoulder_cm"": 28, ""sleeve_cm"": 37, ""length_cm"": 52}","{""chest_cm"": 67, ""waist_cm"": 57, ""hip_cm"": 70, ""shoulder_cm"": 28, ""sleeve_cm"": 37, ""length_cm"": 52}",delivered,DC-003-2,1,6,04/04/2026 09:37,11/06/2026 09:37,2026-06-11T09:37:00,10,,,
152,DLO-2026-003-M411-G1-P1,DLO-2026-003,411,1,3,Gavin Groogan,3rd Class,A,"{""chest_cm"": 75, ""waist_cm"": 66, ""hip_cm"": 76, ""shoulder_cm"": 32, ""sleeve_cm"": 41, ""length_cm"": 58}","{""chest_cm"": 75, ""waist_cm"": 66, ""hip_cm"": 76, ""shoulder_cm"": 32, ""sleeve_cm"": 41, ""length_cm"": 58}",delivered,DC-003-4,1,6,04/04/2026 09:37,11/06/2026 09:37,2026-06-11T09:37:00,10,,,
153,DLO-2026-003-M411-G5-P1,DLO-2026-003,411,5,5,Gavin Groogan,3rd Class,A,"{""chest_cm"": 75, ""waist_cm"": 66, ""hip_cm"": 76, ""shoulder_cm"": 32, ""sleeve_cm"": 41, ""length_cm"": 58}","{""chest_cm"": 75, ""waist_cm"": 66, ""hip_cm"": 76, ""shoulder_cm"": 32, ""sleeve_cm"": 41, ""length_cm"": 58}",returned,DC-003-2,1,6,04/04/2026 09:37,11/06/2026 09:37,2026-06-11T09:37:00,10,19/06/2026 09:37,11,Crest embroidery misplaced
154,DLO-2026-003-M411-G5-P2,DLO-2026-003,411,5,5,Gavin Groogan,3rd Class,A,"{""chest_cm"": 75, ""waist_cm"": 66, ""hip_cm"": 76, ""shoulder_cm"": 32, ""sleeve_cm"": 41, ""length_cm"": 58}","{""chest_cm"": 75, ""waist_cm"": 66, ""hip_cm"": 76, ""shoulder_cm"": 32, ""sleeve_cm"": 41, ""length_cm"": 58}",delivered,DC-003-4,2,6,04/04/2026 09:37,11/06/2026 09:37,2026-06-11T09:37:00,10,,,
155,DLO-2026-003-M411-G10-P1,DLO-2026-003,411,10,6,Gavin Groogan,3rd Class,A,"{""chest_cm"": 75, ""waist_cm"": 66, ""hip_cm"": 76, ""shoulder_cm"": 32, ""sleeve_cm"": 41, ""length_cm"": 58}","{""chest_cm"": 75, ""waist_cm"": 66, ""hip_cm"": 76, ""shoulder_cm"": 32, ""sleeve_cm"": 41, ""length_cm"": 58}",delivered,DC-003-3,1,6,04/04/2026 09:37,11/06/2026 09:37,2026-06-11T09:37:00,10,,,
156,DLO-2026-003-M411-G11-P1,DLO-2026-003,411,11,7,Gavin Groogan,3rd Class,A,"{""chest_cm"": 75, ""waist_cm"": 66, ""hip_cm"": 76, ""shoulder_cm"": 32, ""sleeve_cm"": 41, ""length_cm"": 58}","{""chest_cm"": 75, ""waist_cm"": 66, ""hip_cm"": 76, ""shoulder_cm"": 32, ""sleeve_cm"": 41, ""length_cm"": 58}",delivered,DC-003-1,1,6,04/04/2026 09:37,11/06/2026 09:37,2026-06-11T09:37:00,10,,,
157,DLO-2026-003-M412-G2-P1,DLO-2026-003,412,2,4,Selina Lundon,5th Class,B,"{""chest_cm"": 75, ""waist_cm"": 68, ""hip_cm"": 78, ""shoulder_cm"": 32, ""sleeve_cm"": 41, ""length_cm"": 58}","{""chest_cm"": 75, ""waist_cm"": 68, ""hip_cm"": 78, ""shoulder_cm"": 32, ""sleeve_cm"": 41, ""length_cm"": 58}",delivered,DC-003-1,1,6,04/04/2026 09:37,11/06/2026 09:37,2026-06-11T09:37:00,10,,,
158,DLO-2026-003-M412-G5-P1,DLO-2026-003,412,5,5,Selina Lundon,5th Class,B,"{""chest_cm"": 75, ""waist_cm"": 68, ""hip_cm"": 78, ""shoulder_cm"": 32, ""sleeve_cm"": 41, ""length_cm"": 58}","{""chest_cm"": 75, ""waist_cm"": 68, ""hip_cm"": 78, ""shoulder_cm"": 32, ""sleeve_cm"": 41, ""length_cm"": 58}",delivered,DC-003-4,1,6,04/04/2026 09:37,11/06/2026 09:37,2026-06-11T09:37:00,10,,,
159,DLO-2026-003-M412-G5-P2,DLO-2026-003,412,5,5,Selina Lundon,5th Class,B,"{""chest_cm"": 75, ""waist_cm"": 68, ""hip_cm"": 78, ""shoulder_cm"": 32, ""sleeve_cm"": 41, ""length_cm"": 58}","{""chest_cm"": 75, ""waist_cm"": 68, ""hip_cm"": 78, ""shoulder_cm"": 32, ""sleeve_cm"": 41, ""length_cm"": 58}",delivered,DC-003-1,2,6,04/04/2026 09:37,11/06/2026 09:37,2026-06-11T09:37:00,10,,,
160,DLO-2026-003-M412-G10-P1,DLO-2026-003,412,10,6,Selina Lundon,5th Class,B,"{""chest_cm"": 75, ""waist_cm"": 68, ""hip_cm"": 78, ""shoulder_cm"": 32, ""sleeve_cm"": 41, ""length_cm"": 58}","{""chest_cm"": 75, ""waist_cm"": 68, ""hip_cm"": 78, ""shoulder_cm"": 32, ""sleeve_cm"": 41, ""length_cm"": 58}",delivered,DC-003-1,1,6,04/04/2026 09:37,11/06/2026 09:37,2026-06-11T09:37:00,10,,,
161,DLO-2026-003-M412-G11-P1,DLO-2026-003,412,11,7,Selina Lundon,5th Class,B,"{""chest_cm"": 75, ""waist_cm"": 68, ""hip_cm"": 78, ""shoulder_cm"": 32, ""sleeve_cm"": 41, ""length_cm"": 58}","{""chest_cm"": 75, ""waist_cm"": 68, ""hip_cm"": 78, ""shoulder_cm"": 32, ""sleeve_cm"": 41, ""length_cm"": 58}",delivered,DC-003-2,1,6,04/04/2026 09:37,11/06/2026 09:37,2026-06-11T09:37:00,10,,,
162,DLO-2026-003-M416-G2-P1,DLO-2026-003,416,2,4,Polly Hoare,Senior Infants,C,"{""chest_cm"": 59, ""waist_cm"": 54, ""hip_cm"": 66, ""shoulder_cm"": 25, ""sleeve_cm"": 32, ""length_cm"": 46}","{""chest_cm"": 59, ""waist_cm"": 54, ""hip_cm"": 66, ""shoulder_cm"": 25, ""sleeve_cm"": 32, ""length_cm"": 46}",delivered,DC-003-1,1,6,04/04/2026 09:37,11/06/2026 09:37,2026-06-11T09:37:00,10,,,
163,DLO-2026-003-M416-G5-P1,DLO-2026-003,416,5,5,Polly Hoare,Senior Infants,C,"{""chest_cm"": 59, ""waist_cm"": 54, ""hip_cm"": 66, ""shoulder_cm"": 25, ""sleeve_cm"": 32, ""length_cm"": 46}","{""chest_cm"": 59, ""waist_cm"": 54, ""hip_cm"": 66, ""shoulder_cm"": 25, ""sleeve_cm"": 32, ""length_cm"": 46}",delivered,DC-003-3,1,6,04/04/2026 09:37,11/06/2026 09:37,2026-06-11T09:37:00,10,,,
164,DLO-2026-003-M416-G5-P2,DLO-2026-003,416,5,5,Polly Hoare,Senior Infants,C,"{""chest_cm"": 59, ""waist_cm"": 54, ""hip_cm"": 66, ""shoulder_cm"": 25, ""sleeve_cm"": 32, ""length_cm"": 46}","{""chest_cm"": 59, ""waist_cm"": 54, ""hip_cm"": 66, ""shoulder_cm"": 25, ""sleeve_cm"": 32, ""length_cm"": 46}",delivered,DC-003-2,2,6,04/04/2026 09:37,11/06/2026 09:37,2026-06-11T09:37:00,10,,,
165,DLO-2026-003-M416-G10-P1,DLO-2026-003,416,10,6,Polly Hoare,Senior Infants,C,"{""chest_cm"": 59, ""waist_cm"": 54, ""hip_cm"": 66, ""shoulder_cm"": 25, ""sleeve_cm"": 32, ""length_cm"": 46}","{""chest_cm"": 59, ""waist_cm"": 54, ""hip_cm"": 66, ""shoulder_cm"": 25, ""sleeve_cm"": 32, ""length_cm"": 46}",delivered,DC-003-2,1,6,04/04/2026 09:37,11/06/2026 09:37,2026-06-11T09:37:00,10,,,
166,DLO-2026-003-M416-G11-P1,DLO-2026-003,416,11,7,Polly Hoare,Senior Infants,C,"{""chest_cm"": 59, ""waist_cm"": 54, ""hip_cm"": 66, ""shoulder_cm"": 25, ""sleeve_cm"": 32, ""length_cm"": 46}","{""chest_cm"": 59, ""waist_cm"": 54, ""hip_cm"": 66, ""shoulder_cm"": 25, ""sleeve_cm"": 32, ""length_cm"": 46}",delivered,DC-003-1,1,6,04/04/2026 09:37,11/06/2026 09:37,2026-06-11T09:37:00,10,,,
167,DLO-2026-003-M428-G2-P1,DLO-2026-003,428,2,4,Johanna McIlroy,4th Class,B,"{""chest_cm"": 75, ""waist_cm"": 66, ""hip_cm"": 76, ""shoulder_cm"": 32, ""sleeve_cm"": 41, ""length_cm"": 58}","{""chest_cm"": 75, ""waist_cm"": 66, ""hip_cm"": 76, ""shoulder_cm"": 32, ""sleeve_cm"": 41, ""length_cm"": 58}",delivered,DC-003-1,1,6,04/04/2026 09:37,11/06/2026 09:37,2026-06-11T09:37:00,10,,,
168,DLO-2026-003-M428-G5-P1,DLO-2026-003,428,5,5,Johanna McIlroy,4th Class,B,"{""chest_cm"": 75, ""waist_cm"": 66, ""hip_cm"": 76, ""shoulder_cm"": 32, ""sleeve_cm"": 41, ""length_cm"": 58}","{""chest_cm"": 75, ""waist_cm"": 66, ""hip_cm"": 76, ""shoulder_cm"": 32, ""sleeve_cm"": 41, ""length_cm"": 58}",delivered,DC-003-4,1,6,04/04/2026 09:37,11/06/2026 09:37,2026-06-11T09:37:00,10,,,
169,DLO-2026-003-M428-G5-P2,DLO-2026-003,428,5,5,Johanna McIlroy,4th Class,B,"{""chest_cm"": 75, ""waist_cm"": 66, ""hip_cm"": 76, ""shoulder_cm"": 32, ""sleeve_cm"": 41, ""length_cm"": 58}","{""chest_cm"": 75, ""waist_cm"": 66, ""hip_cm"": 76, ""shoulder_cm"": 32, ""sleeve_cm"": 41, ""length_cm"": 58}",delivered,DC-003-1,2,6,04/04/2026 09:37,11/06/2026 09:37,2026-06-11T09:37:00,10,,,
170,DLO-2026-003-M428-G10-P1,DLO-2026-003,428,10,6,Johanna McIlroy,4th Class,B,"{""chest_cm"": 75, ""waist_cm"": 66, ""hip_cm"": 76, ""shoulder_cm"": 32, ""sleeve_cm"": 41, ""length_cm"": 58}","{""chest_cm"": 75, ""waist_cm"": 66, ""hip_cm"": 76, ""shoulder_cm"": 32, ""sleeve_cm"": 41, ""length_cm"": 58}",delivered,DC-003-2,1,6,04/04/2026 09:37,11/06/2026 09:37,2026-06-11T09:37:00,10,,,
171,DLO-2026-003-M428-G11-P1,DLO-2026-003,428,11,7,Johanna McIlroy,4th Class,B,"{""chest_cm"": 75, ""waist_cm"": 66, ""hip_cm"": 76, ""shoulder_cm"": 32, ""sleeve_cm"": 41, ""length_cm"": 58}","{""chest_cm"": 75, ""waist_cm"": 66, ""hip_cm"": 76, ""shoulder_cm"": 32, ""sleeve_cm"": 41, ""length_cm"": 58}",delivered,DC-003-2,1,6,04/04/2026 09:37,11/06/2026 09:37,2026-06-11T09:37:00,10,,,
172,DLO-2026-003-M430-G2-P1,DLO-2026-003,430,2,4,Kellie Molyneux,2nd Class,A,"{""chest_cm"": 78, ""waist_cm"": 74, ""hip_cm"": 79, ""shoulder_cm"": 33, ""sleeve_cm"": 43, ""length_cm"": 61}","{""chest_cm"": 78, ""waist_cm"": 74, ""hip_cm"": 79, ""shoulder_cm"": 33, ""sleeve_cm"": 43, ""length_cm"": 61}",delivered,DC-003-2,1,6,04/04/2026 09:37,11/06/2026 09:37,2026-06-11T09:37:00,10,,,
173,DLO-2026-003-M430-G5-P1,DLO-2026-003,430,5,5,Kellie Molyneux,2nd Class,A,"{""chest_cm"": 78, ""waist_cm"": 74, ""hip_cm"": 79, ""shoulder_cm"": 33, ""sleeve_cm"": 43, ""length_cm"": 61}","{""chest_cm"": 78, ""waist_cm"": 74, ""hip_cm"": 79, ""shoulder_cm"": 33, ""sleeve_cm"": 43, ""length_cm"": 61}",delivered,DC-003-2,1,6,04/04/2026 09:37,11/06/2026 09:37,2026-06-11T09:37:00,10,,,
174,DLO-2026-003-M430-G5-P2,DLO-2026-003,430,5,5,Kellie Molyneux,2nd Class,A,"{""chest_cm"": 78, ""waist_cm"": 74, ""hip_cm"": 79, ""shoulder_cm"": 33, ""sleeve_cm"": 43, ""length_cm"": 61}","{""chest_cm"": 78, ""waist_cm"": 74, ""hip_cm"": 79, ""shoulder_cm"": 33, ""sleeve_cm"": 43, ""length_cm"": 61}",delivered,DC-003-1,2,6,04/04/2026 09:37,11/06/2026 09:37,2026-06-11T09:37:00,10,,,
175,DLO-2026-003-M430-G10-P1,DLO-2026-003,430,10,6,Kellie Molyneux,2nd Class,A,"{""chest_cm"": 78, ""waist_cm"": 74, ""hip_cm"": 79, ""shoulder_cm"": 33, ""sleeve_cm"": 43, ""length_cm"": 61}","{""chest_cm"": 78, ""waist_cm"": 74, ""hip_cm"": 79, ""shoulder_cm"": 33, ""sleeve_cm"": 43, ""length_cm"": 61}",delivered,DC-003-3,1,6,04/04/2026 09:37,11/06/2026 09:37,2026-06-11T09:37:00,10,,,
176,DLO-2026-003-M430-G11-P1,DLO-2026-003,430,11,7,Kellie Molyneux,2nd Class,A,"{""chest_cm"": 78, ""waist_cm"": 74, ""hip_cm"": 79, ""shoulder_cm"": 33, ""sleeve_cm"": 43, ""length_cm"": 61}","{""chest_cm"": 78, ""waist_cm"": 74, ""hip_cm"": 79, ""shoulder_cm"": 33, ""sleeve_cm"": 43, ""length_cm"": 61}",delivered,DC-003-4,1,6,04/04/2026 09:37,11/06/2026 09:37,2026-06-11T09:37:00,10,,,
177,DLO-2026-003-M434-G2-P1,DLO-2026-003,434,2,4,Rhianne Broy,1st Class,A,"{""chest_cm"": 76, ""waist_cm"": 72, ""hip_cm"": 79, ""shoulder_cm"": 32, ""sleeve_cm"": 42, ""length_cm"": 59}","{""chest_cm"": 76, ""waist_cm"": 72, ""hip_cm"": 79, ""shoulder_cm"": 32, ""sleeve_cm"": 42, ""length_cm"": 59}",delivered,DC-003-2,1,6,04/04/2026 09:37,11/06/2026 09:37,2026-06-11T09:37:00,10,,,
178,DLO-2026-003-M434-G5-P1,DLO-2026-003,434,5,5,Rhianne Broy,1st Class,A,"{""chest_cm"": 76, ""waist_cm"": 72, ""hip_cm"": 79, ""shoulder_cm"": 32, ""sleeve_cm"": 42, ""length_cm"": 59}","{""chest_cm"": 76, ""waist_cm"": 72, ""hip_cm"": 79, ""shoulder_cm"": 32, ""sleeve_cm"": 42, ""length_cm"": 59}",delivered,DC-003-4,1,6,04/04/2026 09:37,11/06/2026 09:37,2026-06-11T09:37:00,10,,,
179,DLO-2026-003-M434-G5-P2,DLO-2026-003,434,5,5,Rhianne Broy,1st Class,A,"{""chest_cm"": 76, ""waist_cm"": 72, ""hip_cm"": 79, ""shoulder_cm"": 32, ""sleeve_cm"": 42, ""length_cm"": 59}","{""chest_cm"": 76, ""waist_cm"": 72, ""hip_cm"": 79, ""shoulder_cm"": 32, ""sleeve_cm"": 42, ""length_cm"": 59}",delivered,DC-003-1,2,6,04/04/2026 09:37,11/06/2026 09:37,2026-06-11T09:37:00,10,,,
180,DLO-2026-003-M434-G10-P1,DLO-2026-003,434,10,6,Rhianne Broy,1st Class,A,"{""chest_cm"": 76, ""waist_cm"": 72, ""hip_cm"": 79, ""shoulder_cm"": 32, ""sleeve_cm"": 42, ""length_cm"": 59}","{""chest_cm"": 76, ""waist_cm"": 72, ""hip_cm"": 79, ""shoulder_cm"": 32, ""sleeve_cm"": 42, ""length_cm"": 59}",delivered,DC-003-3,1,6,04/04/2026 09:37,11/06/2026 09:37,2026-06-11T09:37:00,10,,,
181,DLO-2026-003-M434-G11-P1,DLO-2026-003,434,11,7,Rhianne Broy,1st Class,A,"{""chest_cm"": 76, ""waist_cm"": 72, ""hip_cm"": 79, ""shoulder_cm"": 32, ""sleeve_cm"": 42, ""length_cm"": 59}","{""chest_cm"": 76, ""waist_cm"": 72, ""hip_cm"": 79, ""shoulder_cm"": 32, ""sleeve_cm"": 42, ""length_cm"": 59}",delivered,DC-003-2,1,6,04/04/2026 09:37,11/06/2026 09:37,2026-06-11T09:37:00,10,,,
182,DLO-2026-003-M436-G2-P1,DLO-2026-003,436,2,4,Eden Woods,Senior Infants,B,"{""chest_cm"": 66, ""waist_cm"": 60, ""hip_cm"": 68, ""shoulder_cm"": 28, ""sleeve_cm"": 36, ""length_cm"": 51}","{""chest_cm"": 66, ""waist_cm"": 60, ""hip_cm"": 68, ""shoulder_cm"": 28, ""sleeve_cm"": 36, ""length_cm"": 51}",delivered,DC-003-2,1,6,04/04/2026 09:37,11/06/2026 09:37,2026-06-11T09:37:00,10,,,
183,DLO-2026-003-M436-G5-P1,DLO-2026-003,436,5,5,Eden Woods,Senior Infants,B,"{""chest_cm"": 66, ""waist_cm"": 60, ""hip_cm"": 68, ""shoulder_cm"": 28, ""sleeve_cm"": 36, ""length_cm"": 51}","{""chest_cm"": 66, ""waist_cm"": 60, ""hip_cm"": 68, ""shoulder_cm"": 28, ""sleeve_cm"": 36, ""length_cm"": 51}",delivered,DC-003-1,1,6,04/04/2026 09:37,11/06/2026 09:37,2026-06-11T09:37:00,10,,,
184,DLO-2026-003-M436-G5-P2,DLO-2026-003,436,5,5,Eden Woods,Senior Infants,B,"{""chest_cm"": 66, ""waist_cm"": 60, ""hip_cm"": 68, ""shoulder_cm"": 28, ""sleeve_cm"": 36, ""length_cm"": 51}","{""chest_cm"": 66, ""waist_cm"": 60, ""hip_cm"": 68, ""shoulder_cm"": 28, ""sleeve_cm"": 36, ""length_cm"": 51}",delivered,DC-003-1,2,6,04/04/2026 09:37,11/06/2026 09:37,2026-06-11T09:37:00,10,,,
185,DLO-2026-003-M436-G10-P1,DLO-2026-003,436,10,6,Eden Woods,Senior Infants,B,"{""chest_cm"": 66, ""waist_cm"": 60, ""hip_cm"": 68, ""shoulder_cm"": 28, ""sleeve_cm"": 36, ""length_cm"": 51}","{""chest_cm"": 66, ""waist_cm"": 60, ""hip_cm"": 68, ""shoulder_cm"": 28, ""sleeve_cm"": 36, ""length_cm"": 51}",delivered,DC-003-3,1,6,04/04/2026 09:37,11/06/2026 09:37,2026-06-11T09:37:00,10,,,
186,DLO-2026-003-M436-G11-P1,DLO-2026-003,436,11,7,Eden Woods,Senior Infants,B,"{""chest_cm"": 66, ""waist_cm"": 60, ""hip_cm"": 68, ""shoulder_cm"": 28, ""sleeve_cm"": 36, ""length_cm"": 51}","{""chest_cm"": 66, ""waist_cm"": 60, ""hip_cm"": 68, ""shoulder_cm"": 28, ""sleeve_cm"": 36, ""length_cm"": 51}",delivered,DC-003-4,1,6,04/04/2026 09:37,11/06/2026 09:37,2026-06-11T09:37:00,10,,,
187,DLO-2026-004-M441-G2-P1,DLO-2026-004,441,2,9,Geraldine Hoskins,3rd Year,A,"{""chest_cm"": 92, ""waist_cm"": 85, ""hip_cm"": 99, ""shoulder_cm"": 39, ""sleeve_cm"": 51, ""length_cm"": 72}","{""chest_cm"": 92, ""waist_cm"": 85, ""hip_cm"": 99, ""shoulder_cm"": 39, ""sleeve_cm"": 51, ""length_cm"": 72}",delivered,DC-004-3,1,6,01/06/2026 16:12,13/07/2026 16:12,2026-07-13T16:12:00,10,,,
188,DLO-2026-004-M441-G5-P1,DLO-2026-004,441,5,10,Geraldine Hoskins,3rd Year,A,"{""chest_cm"": 92, ""waist_cm"": 85, ""hip_cm"": 99, ""shoulder_cm"": 39, ""sleeve_cm"": 51, ""length_cm"": 72}","{""chest_cm"": 92, ""waist_cm"": 85, ""hip_cm"": 99, ""shoulder_cm"": 39, ""sleeve_cm"": 51, ""length_cm"": 72}",delivered,DC-004-2,1,6,01/06/2026 16:12,13/07/2026 16:12,2026-07-13T16:12:00,10,,,
189,DLO-2026-004-M441-G5-P2,DLO-2026-004,441,5,10,Geraldine Hoskins,3rd Year,A,"{""chest_cm"": 92, ""waist_cm"": 85, ""hip_cm"": 99, ""shoulder_cm"": 39, ""sleeve_cm"": 51, ""length_cm"": 72}","{""chest_cm"": 92, ""waist_cm"": 85, ""hip_cm"": 99, ""shoulder_cm"": 39, ""sleeve_cm"": 51, ""length_cm"": 72}",delivered,DC-004-4,2,6,01/06/2026 16:12,13/07/2026 16:12,2026-07-13T16:12:00,10,,,
190,DLO-2026-004-M441-G10-P1,DLO-2026-004,441,10,11,Geraldine Hoskins,3rd Year,A,"{""chest_cm"": 92, ""waist_cm"": 85, ""hip_cm"": 99, ""shoulder_cm"": 39, ""sleeve_cm"": 51, ""length_cm"": 72}","{""chest_cm"": 92, ""waist_cm"": 85, ""hip_cm"": 99, ""shoulder_cm"": 39, ""sleeve_cm"": 51, ""length_cm"": 72}",delivered,DC-004-1,1,6,01/06/2026 16:12,13/07/2026 16:12,2026-07-13T16:12:00,10,,,
191,DLO-2026-004-M441-G11-P1,DLO-2026-004,441,11,12,Geraldine Hoskins,3rd Year,A,"{""chest_cm"": 92, ""waist_cm"": 85, ""hip_cm"": 99, ""shoulder_cm"": 39, ""sleeve_cm"": 51, ""length_cm"": 72}","{""chest_cm"": 92, ""waist_cm"": 85, ""hip_cm"": 99, ""shoulder_cm"": 39, ""sleeve_cm"": 51, ""length_cm"": 72}",delivered,DC-004-1,1,6,01/06/2026 16:12,13/07/2026 16:12,2026-07-13T16:12:00,10,,,
192,DLO-2026-004-M442-G2-P1,DLO-2026-004,442,2,9,Nichola Igoe,1st Year,C,"{""chest_cm"": 90, ""waist_cm"": 84, ""hip_cm"": 97, ""shoulder_cm"": 38, ""sleeve_cm"": 50, ""length_cm"": 70}","{""chest_cm"": 90, ""waist_cm"": 84, ""hip_cm"": 97, ""shoulder_cm"": 38, ""sleeve_cm"": 50, ""length_cm"": 70}",delivered,DC-004-3,1,6,01/06/2026 16:12,13/07/2026 16:12,2026-07-13T16:12:00,10,,,
193,DLO-2026-004-M442-G5-P1,DLO-2026-004,442,5,10,Nichola Igoe,1st Year,C,"{""chest_cm"": 90, ""waist_cm"": 84, ""hip_cm"": 97, ""shoulder_cm"": 38, ""sleeve_cm"": 50, ""length_cm"": 70}","{""chest_cm"": 90, ""waist_cm"": 84, ""hip_cm"": 97, ""shoulder_cm"": 38, ""sleeve_cm"": 50, ""length_cm"": 70}",delivered,DC-004-3,1,6,01/06/2026 16:12,13/07/2026 16:12,2026-07-13T16:12:00,10,,,
194,DLO-2026-004-M442-G5-P2,DLO-2026-004,442,5,10,Nichola Igoe,1st Year,C,"{""chest_cm"": 90, ""waist_cm"": 84, ""hip_cm"": 97, ""shoulder_cm"": 38, ""sleeve_cm"": 50, ""length_cm"": 70}","{""chest_cm"": 90, ""waist_cm"": 84, ""hip_cm"": 97, ""shoulder_cm"": 38, ""sleeve_cm"": 50, ""length_cm"": 70}",delivered,DC-004-2,2,6,01/06/2026 16:12,13/07/2026 16:12,2026-07-13T16:12:00,10,,,
195,DLO-2026-004-M442-G10-P1,DLO-2026-004,442,10,11,Nichola Igoe,1st Year,C,"{""chest_cm"": 90, ""waist_cm"": 84, ""hip_cm"": 97, ""shoulder_cm"": 38, ""sleeve_cm"": 50, ""length_cm"": 70}","{""chest_cm"": 90, ""waist_cm"": 84, ""hip_cm"": 97, ""shoulder_cm"": 38, ""sleeve_cm"": 50, ""length_cm"": 70}",delivered,DC-004-4,1,6,01/06/2026 16:12,13/07/2026 16:12,2026-07-13T16:12:00,10,,,
196,DLO-2026-004-M442-G11-P1,DLO-2026-004,442,11,12,Nichola Igoe,1st Year,C,"{""chest_cm"": 90, ""waist_cm"": 84, ""hip_cm"": 97, ""shoulder_cm"": 38, ""sleeve_cm"": 50, ""length_cm"": 70}","{""chest_cm"": 90, ""waist_cm"": 84, ""hip_cm"": 97, ""shoulder_cm"": 38, ""sleeve_cm"": 50, ""length_cm"": 70}",delivered,DC-004-1,1,6,01/06/2026 16:12,13/07/2026 16:12,2026-07-13T16:12:00,10,,,
197,DLO-2026-004-M445-G2-P1,DLO-2026-004,445,2,9,Catherine Mernagh,4th Year,A,"{""chest_cm"": 96, ""waist_cm"": 92, ""hip_cm"": 96, ""shoulder_cm"": 40, ""sleeve_cm"": 53, ""length_cm"": 75}","{""chest_cm"": 96, ""waist_cm"": 92, ""hip_cm"": 96, ""shoulder_cm"": 40, ""sleeve_cm"": 53, ""length_cm"": 75}",delivered,DC-004-3,1,6,01/06/2026 16:12,13/07/2026 16:12,2026-07-13T16:12:00,10,,,
198,DLO-2026-004-M445-G5-P1,DLO-2026-004,445,5,10,Catherine Mernagh,4th Year,A,"{""chest_cm"": 96, ""waist_cm"": 92, ""hip_cm"": 96, ""shoulder_cm"": 40, ""sleeve_cm"": 53, ""length_cm"": 75}","{""chest_cm"": 96, ""waist_cm"": 92, ""hip_cm"": 96, ""shoulder_cm"": 40, ""sleeve_cm"": 53, ""length_cm"": 75}",delivered,DC-004-4,1,6,01/06/2026 16:12,13/07/2026 16:12,2026-07-13T16:12:00,10,,,
199,DLO-2026-004-M445-G5-P2,DLO-2026-004,445,5,10,Catherine Mernagh,4th Year,A,"{""chest_cm"": 96, ""waist_cm"": 92, ""hip_cm"": 96, ""shoulder_cm"": 40, ""sleeve_cm"": 53, ""length_cm"": 75}","{""chest_cm"": 96, ""waist_cm"": 92, ""hip_cm"": 96, ""shoulder_cm"": 40, ""sleeve_cm"": 53, ""length_cm"": 75}",delivered,DC-004-3,2,6,01/06/2026 16:12,13/07/2026 16:12,2026-07-13T16:12:00,10,,,
200,DLO-2026-004-M445-G10-P1,DLO-2026-004,445,10,11,Catherine Mernagh,4th Year,A,"{""chest_cm"": 96, ""waist_cm"": 92, ""hip_cm"": 96, ""shoulder_cm"": 40, ""sleeve_cm"": 53, ""length_cm"": 75}","{""chest_cm"": 96, ""waist_cm"": 92, ""hip_cm"": 96, ""shoulder_cm"": 40, ""sleeve_cm"": 53, ""length_cm"": 75}",delivered,DC-004-1,1,6,01/06/2026 16:12,13/07/2026 16:12,2026-07-13T16:12:00,10,,,
201,DLO-2026-004-M445-G11-P1,DLO-2026-004,445,11,12,Catherine Mernagh,4th Year,A,"{""chest_cm"": 96, ""waist_cm"": 92, ""hip_cm"": 96, ""shoulder_cm"": 40, ""sleeve_cm"": 53, ""length_cm"": 75}","{""chest_cm"": 96, ""waist_cm"": 92, ""hip_cm"": 96, ""shoulder_cm"": 40, ""sleeve_cm"": 53, ""length_cm"": 75}",delivered,DC-004-2,1,6,01/06/2026 16:12,13/07/2026 16:12,2026-07-13T16:12:00,10,,,
202,DLO-2026-004-M447-G2-P1,DLO-2026-004,447,2,9,Ellen Kane,4th Year,C,"{""chest_cm"": 101, ""waist_cm"": 95, ""hip_cm"": 105, ""shoulder_cm"": 42, ""sleeve_cm"": 56, ""length_cm"": 79}","{""chest_cm"": 101, ""waist_cm"": 95, ""hip_cm"": 105, ""shoulder_cm"": 42, ""sleeve_cm"": 56, ""length_cm"": 79}",delivered,DC-004-2,1,6,01/06/2026 16:12,13/07/2026 16:12,2026-07-13T16:12:00,10,,,
203,DLO-2026-004-M447-G5-P1,DLO-2026-004,447,5,10,Ellen Kane,4th Year,C,"{""chest_cm"": 101, ""waist_cm"": 95, ""hip_cm"": 105, ""shoulder_cm"": 42, ""sleeve_cm"": 56, ""length_cm"": 79}","{""chest_cm"": 101, ""waist_cm"": 95, ""hip_cm"": 105, ""shoulder_cm"": 42, ""sleeve_cm"": 56, ""length_cm"": 79}",delivered,DC-004-2,1,6,01/06/2026 16:12,13/07/2026 16:12,2026-07-13T16:12:00,10,,,
204,DLO-2026-004-M447-G5-P2,DLO-2026-004,447,5,10,Ellen Kane,4th Year,C,"{""chest_cm"": 101, ""waist_cm"": 95, ""hip_cm"": 105, ""shoulder_cm"": 42, ""sleeve_cm"": 56, ""length_cm"": 79}","{""chest_cm"": 101, ""waist_cm"": 95, ""hip_cm"": 105, ""shoulder_cm"": 42, ""sleeve_cm"": 56, ""length_cm"": 79}",delivered,DC-004-1,2,6,01/06/2026 16:12,13/07/2026 16:12,2026-07-13T16:12:00,10,,,
205,DLO-2026-004-M447-G10-P1,DLO-2026-004,447,10,11,Ellen Kane,4th Year,C,"{""chest_cm"": 101, ""waist_cm"": 95, ""hip_cm"": 105, ""shoulder_cm"": 42, ""sleeve_cm"": 56, ""length_cm"": 79}","{""chest_cm"": 101, ""waist_cm"": 95, ""hip_cm"": 105, ""shoulder_cm"": 42, ""sleeve_cm"": 56, ""length_cm"": 79}",delivered,DC-004-2,1,6,01/06/2026 16:12,13/07/2026 16:12,2026-07-13T16:12:00,10,,,
206,DLO-2026-004-M447-G11-P1,DLO-2026-004,447,11,12,Ellen Kane,4th Year,C,"{""chest_cm"": 101, ""waist_cm"": 95, ""hip_cm"": 105, ""shoulder_cm"": 42, ""sleeve_cm"": 56, ""length_cm"": 79}","{""chest_cm"": 101, ""waist_cm"": 95, ""hip_cm"": 105, ""shoulder_cm"": 42, ""sleeve_cm"": 56, ""length_cm"": 79}",delivered,DC-004-1,1,6,01/06/2026 16:12,13/07/2026 16:12,2026-07-13T16:12:00,10,,,
207,DLO-2026-004-M449-G1-P1,DLO-2026-004,449,1,8,Ronan Cole,6th Year,B,"{""chest_cm"": 78, ""waist_cm"": 74, ""hip_cm"": 85, ""shoulder_cm"": 33, ""sleeve_cm"": 43, ""length_cm"": 61}","{""chest_cm"": 78, ""waist_cm"": 74, ""hip_cm"": 85, ""shoulder_cm"": 33, ""sleeve_cm"": 43, ""length_cm"": 61}",delivered,DC-004-4,1,6,01/06/2026 16:12,13/07/2026 16:12,2026-07-13T16:12:00,10,,,
208,DLO-2026-004-M449-G5-P1,DLO-2026-004,449,5,10,Ronan Cole,6th Year,B,"{""chest_cm"": 78, ""waist_cm"": 74, ""hip_cm"": 85, ""shoulder_cm"": 33, ""sleeve_cm"": 43, ""length_cm"": 61}","{""chest_cm"": 78, ""waist_cm"": 74, ""hip_cm"": 85, ""shoulder_cm"": 33, ""sleeve_cm"": 43, ""length_cm"": 61}",delivered,DC-004-3,1,6,01/06/2026 16:12,13/07/2026 16:12,2026-07-13T16:12:00,10,,,
209,DLO-2026-004-M449-G5-P2,DLO-2026-004,449,5,10,Ronan Cole,6th Year,B,"{""chest_cm"": 78, ""waist_cm"": 74, ""hip_cm"": 85, ""shoulder_cm"": 33, ""sleeve_cm"": 43, ""length_cm"": 61}","{""chest_cm"": 78, ""waist_cm"": 74, ""hip_cm"": 85, ""shoulder_cm"": 33, ""sleeve_cm"": 43, ""length_cm"": 61}",delivered,DC-004-4,2,6,01/06/2026 16:12,13/07/2026 16:12,2026-07-13T16:12:00,10,,,
210,DLO-2026-004-M449-G10-P1,DLO-2026-004,449,10,11,Ronan Cole,6th Year,B,"{""chest_cm"": 78, ""waist_cm"": 74, ""hip_cm"": 85, ""shoulder_cm"": 33, ""sleeve_cm"": 43, ""length_cm"": 61}","{""chest_cm"": 78, ""waist_cm"": 74, ""hip_cm"": 85, ""shoulder_cm"": 33, ""sleeve_cm"": 43, ""length_cm"": 61}",delivered,DC-004-3,1,6,01/06/2026 16:12,13/07/2026 16:12,2026-07-13T16:12:00,10,,,
211,DLO-2026-004-M449-G11-P1,DLO-2026-004,449,11,12,Ronan Cole,6th Year,B,"{""chest_cm"": 78, ""waist_cm"": 74, ""hip_cm"": 85, ""shoulder_cm"": 33, ""sleeve_cm"": 43, ""length_cm"": 61}","{""chest_cm"": 78, ""waist_cm"": 74, ""hip_cm"": 85, ""shoulder_cm"": 33, ""sleeve_cm"": 43, ""length_cm"": 61}",delivered,DC-004-2,1,6,01/06/2026 16:12,13/07/2026 16:12,2026-07-13T16:12:00,10,,,
212,DLO-2026-004-M450-G1-P1,DLO-2026-004,450,1,8,Lewis Keady,3rd Year,C,"{""chest_cm"": 87, ""waist_cm"": 78, ""hip_cm"": 88, ""shoulder_cm"": 37, ""sleeve_cm"": 48, ""length_cm"": 68}","{""chest_cm"": 87, ""waist_cm"": 78, ""hip_cm"": 88, ""shoulder_cm"": 37, ""sleeve_cm"": 48, ""length_cm"": 68}",delivered,DC-004-2,1,6,01/06/2026 16:12,13/07/2026 16:12,2026-07-13T16:12:00,10,,,
213,DLO-2026-004-M450-G5-P1,DLO-2026-004,450,5,10,Lewis Keady,3rd Year,C,"{""chest_cm"": 87, ""waist_cm"": 78, ""hip_cm"": 88, ""shoulder_cm"": 37, ""sleeve_cm"": 48, ""length_cm"": 68}","{""chest_cm"": 87, ""waist_cm"": 78, ""hip_cm"": 88, ""shoulder_cm"": 37, ""sleeve_cm"": 48, ""length_cm"": 68}",returned,DC-004-2,1,6,01/06/2026 16:12,13/07/2026 16:12,2026-07-13T16:12:00,10,20/07/2026 16:12,11,Hem fault
214,DLO-2026-004-M450-G5-P2,DLO-2026-004,450,5,10,Lewis Keady,3rd Year,C,"{""chest_cm"": 87, ""waist_cm"": 78, ""hip_cm"": 88, ""shoulder_cm"": 37, ""sleeve_cm"": 48, ""length_cm"": 68}","{""chest_cm"": 87, ""waist_cm"": 78, ""hip_cm"": 88, ""shoulder_cm"": 37, ""sleeve_cm"": 48, ""length_cm"": 68}",delivered,DC-004-3,2,6,01/06/2026 16:12,13/07/2026 16:12,2026-07-13T16:12:00,10,,,
215,DLO-2026-004-M450-G10-P1,DLO-2026-004,450,10,11,Lewis Keady,3rd Year,C,"{""chest_cm"": 87, ""waist_cm"": 78, ""hip_cm"": 88, ""shoulder_cm"": 37, ""sleeve_cm"": 48, ""length_cm"": 68}","{""chest_cm"": 87, ""waist_cm"": 78, ""hip_cm"": 88, ""shoulder_cm"": 37, ""sleeve_cm"": 48, ""length_cm"": 68}",delivered,DC-004-4,1,6,01/06/2026 16:12,13/07/2026 16:12,2026-07-13T16:12:00,10,,,
216,DLO-2026-004-M450-G11-P1,DLO-2026-004,450,11,12,Lewis Keady,3rd Year,C,"{""chest_cm"": 87, ""waist_cm"": 78, ""hip_cm"": 88, ""shoulder_cm"": 37, ""sleeve_cm"": 48, ""length_cm"": 68}","{""chest_cm"": 87, ""waist_cm"": 78, ""hip_cm"": 88, ""shoulder_cm"": 37, ""sleeve_cm"": 48, ""length_cm"": 68}",delivered,DC-004-1,1,6,01/06/2026 16:12,13/07/2026 16:12,2026-07-13T16:12:00,10,,,
217,DLO-2026-004-M454-G2-P1,DLO-2026-004,454,2,9,Siofra Costigan,1st Year,B,"{""chest_cm"": 84, ""waist_cm"": 75, ""hip_cm"": 88, ""shoulder_cm"": 35, ""sleeve_cm"": 46, ""length_cm"": 66}","{""chest_cm"": 84, ""waist_cm"": 75, ""hip_cm"": 88, ""shoulder_cm"": 35, ""sleeve_cm"": 46, ""length_cm"": 66}",delivered,DC-004-2,1,6,01/06/2026 16:12,13/07/2026 16:12,2026-07-13T16:12:00,10,,,
218,DLO-2026-004-M454-G5-P1,DLO-2026-004,454,5,10,Siofra Costigan,1st Year,B,"{""chest_cm"": 84, ""waist_cm"": 75, ""hip_cm"": 88, ""shoulder_cm"": 35, ""sleeve_cm"": 46, ""length_cm"": 66}","{""chest_cm"": 84, ""waist_cm"": 75, ""hip_cm"": 88, ""shoulder_cm"": 35, ""sleeve_cm"": 46, ""length_cm"": 66}",delivered,DC-004-1,1,6,01/06/2026 16:12,13/07/2026 16:12,2026-07-13T16:12:00,10,,,
219,DLO-2026-004-M454-G5-P2,DLO-2026-004,454,5,10,Siofra Costigan,1st Year,B,"{""chest_cm"": 84, ""waist_cm"": 75, ""hip_cm"": 88, ""shoulder_cm"": 35, ""sleeve_cm"": 46, ""length_cm"": 66}","{""chest_cm"": 84, ""waist_cm"": 75, ""hip_cm"": 88, ""shoulder_cm"": 35, ""sleeve_cm"": 46, ""length_cm"": 66}",delivered,DC-004-2,2,6,01/06/2026 16:12,13/07/2026 16:12,2026-07-13T16:12:00,10,,,
220,DLO-2026-004-M454-G10-P1,DLO-2026-004,454,10,11,Siofra Costigan,1st Year,B,"{""chest_cm"": 84, ""waist_cm"": 75, ""hip_cm"": 88, ""shoulder_cm"": 35, ""sleeve_cm"": 46, ""length_cm"": 66}","{""chest_cm"": 84, ""waist_cm"": 75, ""hip_cm"": 88, ""shoulder_cm"": 35, ""sleeve_cm"": 46, ""length_cm"": 66}",delivered,DC-004-3,1,6,01/06/2026 16:12,13/07/2026 16:12,2026-07-13T16:12:00,10,,,
221,DLO-2026-004-M454-G11-P1,DLO-2026-004,454,11,12,Siofra Costigan,1st Year,B,"{""chest_cm"": 84, ""waist_cm"": 75, ""hip_cm"": 88, ""shoulder_cm"": 35, ""sleeve_cm"": 46, ""length_cm"": 66}","{""chest_cm"": 84, ""waist_cm"": 75, ""hip_cm"": 88, ""shoulder_cm"": 35, ""sleeve_cm"": 46, ""length_cm"": 66}",delivered,DC-004-2,1,6,01/06/2026 16:12,13/07/2026 16:12,2026-07-13T16:12:00,10,,,
222,DLO-2026-004-M455-G1-P1,DLO-2026-004,455,1,8,Myles Watters,4th Year,C,"{""chest_cm"": 96, ""waist_cm"": 88, ""hip_cm"": 98, ""shoulder_cm"": 40, ""sleeve_cm"": 53, ""length_cm"": 75}","{""chest_cm"": 96, ""waist_cm"": 88, ""hip_cm"": 98, ""shoulder_cm"": 40, ""sleeve_cm"": 53, ""length_cm"": 75}",delivered,DC-004-4,1,6,01/06/2026 16:12,13/07/2026 16:12,2026-07-13T16:12:00,10,,,
223,DLO-2026-004-M455-G5-P1,DLO-2026-004,455,5,10,Myles Watters,4th Year,C,"{""chest_cm"": 96, ""waist_cm"": 88, ""hip_cm"": 98, ""shoulder_cm"": 40, ""sleeve_cm"": 53, ""length_cm"": 75}","{""chest_cm"": 96, ""waist_cm"": 88, ""hip_cm"": 98, ""shoulder_cm"": 40, ""sleeve_cm"": 53, ""length_cm"": 75}",delivered,DC-004-4,1,6,01/06/2026 16:12,13/07/2026 16:12,2026-07-13T16:12:00,10,,,
224,DLO-2026-004-M455-G5-P2,DLO-2026-004,455,5,10,Myles Watters,4th Year,C,"{""chest_cm"": 96, ""waist_cm"": 88, ""hip_cm"": 98, ""shoulder_cm"": 40, ""sleeve_cm"": 53, ""length_cm"": 75}","{""chest_cm"": 96, ""waist_cm"": 88, ""hip_cm"": 98, ""shoulder_cm"": 40, ""sleeve_cm"": 53, ""length_cm"": 75}",delivered,DC-004-2,2,6,01/06/2026 16:12,13/07/2026 16:12,2026-07-13T16:12:00,10,,,
225,DLO-2026-004-M455-G10-P1,DLO-2026-004,455,10,11,Myles Watters,4th Year,C,"{""chest_cm"": 96, ""waist_cm"": 88, ""hip_cm"": 98, ""shoulder_cm"": 40, ""sleeve_cm"": 53, ""length_cm"": 75}","{""chest_cm"": 96, ""waist_cm"": 88, ""hip_cm"": 98, ""shoulder_cm"": 40, ""sleeve_cm"": 53, ""length_cm"": 75}",delivered,DC-004-4,1,6,01/06/2026 16:12,13/07/2026 16:12,2026-07-13T16:12:00,10,,,
226,DLO-2026-004-M455-G11-P1,DLO-2026-004,455,11,12,Myles Watters,4th Year,C,"{""chest_cm"": 96, ""waist_cm"": 88, ""hip_cm"": 98, ""shoulder_cm"": 40, ""sleeve_cm"": 53, ""length_cm"": 75}","{""chest_cm"": 96, ""waist_cm"": 88, ""hip_cm"": 98, ""shoulder_cm"": 40, ""sleeve_cm"": 53, ""length_cm"": 75}",delivered,DC-004-2,1,6,01/06/2026 16:12,13/07/2026 16:12,2026-07-13T16:12:00,10,,,
227,DLO-2026-004-M456-G1-P1,DLO-2026-004,456,1,8,Ashley Farnan,2nd Year,C,"{""chest_cm"": 100, ""waist_cm"": 93, ""hip_cm"": 105, ""shoulder_cm"": 42, ""sleeve_cm"": 55, ""length_cm"": 78}","{""chest_cm"": 100, ""waist_cm"": 93, ""hip_cm"": 105, ""shoulder_cm"": 42, ""sleeve_cm"": 55, ""length_cm"": 78}",delivered,DC-004-3,1,6,01/06/2026 16:12,13/07/2026 16:12,2026-07-13T16:12:00,10,,,
228,DLO-2026-004-M456-G5-P1,DLO-2026-004,456,5,10,Ashley Farnan,2nd Year,C,"{""chest_cm"": 100, ""waist_cm"": 93, ""hip_cm"": 105, ""shoulder_cm"": 42, ""sleeve_cm"": 55, ""length_cm"": 78}","{""chest_cm"": 100, ""waist_cm"": 93, ""hip_cm"": 105, ""shoulder_cm"": 42, ""sleeve_cm"": 55, ""length_cm"": 78}",delivered,DC-004-3,1,6,01/06/2026 16:12,13/07/2026 16:12,2026-07-13T16:12:00,10,,,
229,DLO-2026-004-M456-G5-P2,DLO-2026-004,456,5,10,Ashley Farnan,2nd Year,C,"{""chest_cm"": 100, ""waist_cm"": 93, ""hip_cm"": 105, ""shoulder_cm"": 42, ""sleeve_cm"": 55, ""length_cm"": 78}","{""chest_cm"": 100, ""waist_cm"": 93, ""hip_cm"": 105, ""shoulder_cm"": 42, ""sleeve_cm"": 55, ""length_cm"": 78}",delivered,DC-004-4,2,6,01/06/2026 16:12,13/07/2026 16:12,2026-07-13T16:12:00,10,,,
230,DLO-2026-004-M456-G10-P1,DLO-2026-004,456,10,11,Ashley Farnan,2nd Year,C,"{""chest_cm"": 100, ""waist_cm"": 93, ""hip_cm"": 105, ""shoulder_cm"": 42, ""sleeve_cm"": 55, ""length_cm"": 78}","{""chest_cm"": 100, ""waist_cm"": 93, ""hip_cm"": 105, ""shoulder_cm"": 42, ""sleeve_cm"": 55, ""length_cm"": 78}",delivered,DC-004-2,1,6,01/06/2026 16:12,13/07/2026 16:12,2026-07-13T16:12:00,10,,,
231,DLO-2026-004-M456-G11-P1,DLO-2026-004,456,11,12,Ashley Farnan,2nd Year,C,"{""chest_cm"": 100, ""waist_cm"": 93, ""hip_cm"": 105, ""shoulder_cm"": 42, ""sleeve_cm"": 55, ""length_cm"": 78}","{""chest_cm"": 100, ""waist_cm"": 93, ""hip_cm"": 105, ""shoulder_cm"": 42, ""sleeve_cm"": 55, ""length_cm"": 78}",delivered,DC-004-3,1,6,01/06/2026 16:12,13/07/2026 16:12,2026-07-13T16:12:00,10,,,
232,DLO-2026-004-M465-G2-P1,DLO-2026-004,465,2,9,Naomh Downey,5th Year,C,"{""chest_cm"": 101, ""waist_cm"": 94, ""hip_cm"": 102, ""shoulder_cm"": 42, ""sleeve_cm"": 56, ""length_cm"": 79}","{""chest_cm"": 101, ""waist_cm"": 94, ""hip_cm"": 102, ""shoulder_cm"": 42, ""sleeve_cm"": 56, ""length_cm"": 79}",delivered,DC-004-4,1,6,01/06/2026 16:12,13/07/2026 16:12,2026-07-13T16:12:00,10,,,
233,DLO-2026-004-M465-G5-P1,DLO-2026-004,465,5,10,Naomh Downey,5th Year,C,"{""chest_cm"": 101, ""waist_cm"": 94, ""hip_cm"": 102, ""shoulder_cm"": 42, ""sleeve_cm"": 56, ""length_cm"": 79}","{""chest_cm"": 101, ""waist_cm"": 94, ""hip_cm"": 102, ""shoulder_cm"": 42, ""sleeve_cm"": 56, ""length_cm"": 79}",delivered,DC-004-3,1,6,01/06/2026 16:12,13/07/2026 16:12,2026-07-13T16:12:00,10,,,
234,DLO-2026-004-M465-G5-P2,DLO-2026-004,465,5,10,Naomh Downey,5th Year,C,"{""chest_cm"": 101, ""waist_cm"": 94, ""hip_cm"": 102, ""shoulder_cm"": 42, ""sleeve_cm"": 56, ""length_cm"": 79}","{""chest_cm"": 101, ""waist_cm"": 94, ""hip_cm"": 102, ""shoulder_cm"": 42, ""sleeve_cm"": 56, ""length_cm"": 79}",delivered,DC-004-4,2,6,01/06/2026 16:12,13/07/2026 16:12,2026-07-13T16:12:00,10,,,
235,DLO-2026-004-M465-G10-P1,DLO-2026-004,465,10,11,Naomh Downey,5th Year,C,"{""chest_cm"": 101, ""waist_cm"": 94, ""hip_cm"": 102, ""shoulder_cm"": 42, ""sleeve_cm"": 56, ""length_cm"": 79}","{""chest_cm"": 101, ""waist_cm"": 94, ""hip_cm"": 102, ""shoulder_cm"": 42, ""sleeve_cm"": 56, ""length_cm"": 79}",delivered,DC-004-2,1,6,01/06/2026 16:12,13/07/2026 16:12,2026-07-13T16:12:00,10,,,
236,DLO-2026-004-M465-G11-P1,DLO-2026-004,465,11,12,Naomh Downey,5th Year,C,"{""chest_cm"": 101, ""waist_cm"": 94, ""hip_cm"": 102, ""shoulder_cm"": 42, ""sleeve_cm"": 56, ""length_cm"": 79}","{""chest_cm"": 101, ""waist_cm"": 94, ""hip_cm"": 102, ""shoulder_cm"": 42, ""sleeve_cm"": 56, ""length_cm"": 79}",delivered,DC-004-4,1,6,01/06/2026 16:12,13/07/2026 16:12,2026-07-13T16:12:00,10,,,
237,DLO-2026-004-M466-G2-P1,DLO-2026-004,466,2,9,Tonicha Hendry,6th Year,A,"{""chest_cm"": 79, ""waist_cm"": 70, ""hip_cm"": 83, ""shoulder_cm"": 33, ""sleeve_cm"": 43, ""length_cm"": 62}","{""chest_cm"": 79, ""waist_cm"": 70, ""hip_cm"": 83, ""shoulder_cm"": 33, ""sleeve_cm"": 43, ""length_cm"": 62}",delivered,DC-004-3,1,6,01/06/2026 16:12,13/07/2026 16:12,2026-07-13T16:12:00,10,,,
238,DLO-2026-004-M466-G5-P1,DLO-2026-004,466,5,10,Tonicha Hendry,6th Year,A,"{""chest_cm"": 79, ""waist_cm"": 70, ""hip_cm"": 83, ""shoulder_cm"": 33, ""sleeve_cm"": 43, ""length_cm"": 62}","{""chest_cm"": 79, ""waist_cm"": 70, ""hip_cm"": 83, ""shoulder_cm"": 33, ""sleeve_cm"": 43, ""length_cm"": 62}",delivered,DC-004-2,1,6,01/06/2026 16:12,13/07/2026 16:12,2026-07-13T16:12:00,10,,,
239,DLO-2026-004-M466-G5-P2,DLO-2026-004,466,5,10,Tonicha Hendry,6th Year,A,"{""chest_cm"": 79, ""waist_cm"": 70, ""hip_cm"": 83, ""shoulder_cm"": 33, ""sleeve_cm"": 43, ""length_cm"": 62}","{""chest_cm"": 79, ""waist_cm"": 70, ""hip_cm"": 83, ""shoulder_cm"": 33, ""sleeve_cm"": 43, ""length_cm"": 62}",delivered,DC-004-1,2,6,01/06/2026 16:12,13/07/2026 16:12,2026-07-13T16:12:00,10,,,
240,DLO-2026-004-M466-G10-P1,DLO-2026-004,466,10,11,Tonicha Hendry,6th Year,A,"{""chest_cm"": 79, ""waist_cm"": 70, ""hip_cm"": 83, ""shoulder_cm"": 33, ""sleeve_cm"": 43, ""length_cm"": 62}","{""chest_cm"": 79, ""waist_cm"": 70, ""hip_cm"": 83, ""shoulder_cm"": 33, ""sleeve_cm"": 43, ""length_cm"": 62}",returned,DC-004-4,1,6,01/06/2026 16:12,13/07/2026 16:12,2026-07-13T16:12:00,10,25/07/2026 16:12,11,Hem fault
241,DLO-2026-004-M466-G11-P1,DLO-2026-004,466,11,12,Tonicha Hendry,6th Year,A,"{""chest_cm"": 79, ""waist_cm"": 70, ""hip_cm"": 83, ""shoulder_cm"": 33, ""sleeve_cm"": 43, ""length_cm"": 62}","{""chest_cm"": 79, ""waist_cm"": 70, ""hip_cm"": 83, ""shoulder_cm"": 33, ""sleeve_cm"": 43, ""length_cm"": 62}",delivered,DC-004-2,1,6,01/06/2026 16:12,13/07/2026 16:12,2026-07-13T16:12:00,10,,,
242,DLO-2026-004-M468-G1-P1,DLO-2026-004,468,1,8,Trevor Fahy,3rd Year,C,"{""chest_cm"": 98, ""waist_cm"": 90, ""hip_cm"": 98, ""shoulder_cm"": 41, ""sleeve_cm"": 54, ""length_cm"": 76}","{""chest_cm"": 98, ""waist_cm"": 90, ""hip_cm"": 98, ""shoulder_cm"": 41, ""sleeve_cm"": 54, ""length_cm"": 76}",delivered,DC-004-3,1,6,01/06/2026 16:12,13/07/2026 16:12,2026-07-13T16:12:00,10,,,
243,DLO-2026-004-M468-G5-P1,DLO-2026-004,468,5,10,Trevor Fahy,3rd Year,C,"{""chest_cm"": 98, ""waist_cm"": 90, ""hip_cm"": 98, ""shoulder_cm"": 41, ""sleeve_cm"": 54, ""length_cm"": 76}","{""chest_cm"": 98, ""waist_cm"": 90, ""hip_cm"": 98, ""shoulder_cm"": 41, ""sleeve_cm"": 54, ""length_cm"": 76}",delivered,DC-004-3,1,6,01/06/2026 16:12,13/07/2026 16:12,2026-07-13T16:12:00,10,,,
244,DLO-2026-004-M468-G5-P2,DLO-2026-004,468,5,10,Trevor Fahy,3rd Year,C,"{""chest_cm"": 98, ""waist_cm"": 90, ""hip_cm"": 98, ""shoulder_cm"": 41, ""sleeve_cm"": 54, ""length_cm"": 76}","{""chest_cm"": 98, ""waist_cm"": 90, ""hip_cm"": 98, ""shoulder_cm"": 41, ""sleeve_cm"": 54, ""length_cm"": 76}",delivered,DC-004-2,2,6,01/06/2026 16:12,13/07/2026 16:12,2026-07-13T16:12:00,10,,,
245,DLO-2026-004-M468-G10-P1,DLO-2026-004,468,10,11,Trevor Fahy,3rd Year,C,"{""chest_cm"": 98, ""waist_cm"": 90, ""hip_cm"": 98, ""shoulder_cm"": 41, ""sleeve_cm"": 54, ""length_cm"": 76}","{""chest_cm"": 98, ""waist_cm"": 90, ""hip_cm"": 98, ""shoulder_cm"": 41, ""sleeve_cm"": 54, ""length_cm"": 76}",returned,DC-004-1,1,6,01/06/2026 16:12,13/07/2026 16:12,2026-07-13T16:12:00,10,20/07/2026 16:12,11,Size too small - remake requested
246,DLO-2026-004-M468-G11-P1,DLO-2026-004,468,11,12,Trevor Fahy,3rd Year,C,"{""chest_cm"": 98, ""waist_cm"": 90, ""hip_cm"": 98, ""shoulder_cm"": 41, ""sleeve_cm"": 54, ""length_cm"": 76}","{""chest_cm"": 98, ""waist_cm"": 90, ""hip_cm"": 98, ""shoulder_cm"": 41, ""sleeve_cm"": 54, ""length_cm"": 76}",delivered,DC-004-4,1,6,01/06/2026 16:12,13/07/2026 16:12,2026-07-13T16:12:00,10,,,
247,DLO-2026-004-M469-G1-P1,DLO-2026-004,469,1,8,Isaac Dunleavey,5th Year,A,"{""chest_cm"": 99, ""waist_cm"": 91, ""hip_cm"": 101, ""shoulder_cm"": 42, ""sleeve_cm"": 54, ""length_cm"": 77}","{""chest_cm"": 99, ""waist_cm"": 91, ""hip_cm"": 101, ""shoulder_cm"": 42, ""sleeve_cm"": 54, ""length_cm"": 77}",delivered,DC-004-2,1,6,01/06/2026 16:12,13/07/2026 16:12,2026-07-13T16:12:00,10,,,
248,DLO-2026-004-M469-G5-P1,DLO-2026-004,469,5,10,Isaac Dunleavey,5th Year,A,"{""chest_cm"": 99, ""waist_cm"": 91, ""hip_cm"": 101, ""shoulder_cm"": 42, ""sleeve_cm"": 54, ""length_cm"": 77}","{""chest_cm"": 99, ""waist_cm"": 91, ""hip_cm"": 101, ""shoulder_cm"": 42, ""sleeve_cm"": 54, ""length_cm"": 77}",delivered,DC-004-1,1,6,01/06/2026 16:12,13/07/2026 16:12,2026-07-13T16:12:00,10,,,
249,DLO-2026-004-M469-G5-P2,DLO-2026-004,469,5,10,Isaac Dunleavey,5th Year,A,"{""chest_cm"": 99, ""waist_cm"": 91, ""hip_cm"": 101, ""shoulder_cm"": 42, ""sleeve_cm"": 54, ""length_cm"": 77}","{""chest_cm"": 99, ""waist_cm"": 91, ""hip_cm"": 101, ""shoulder_cm"": 42, ""sleeve_cm"": 54, ""length_cm"": 77}",delivered,DC-004-4,2,6,01/06/2026 16:12,13/07/2026 16:12,2026-07-13T16:12:00,10,,,
250,DLO-2026-004-M469-G10-P1,DLO-2026-004,469,10,11,Isaac Dunleavey,5th Year,A,"{""chest_cm"": 99, ""waist_cm"": 91, ""hip_cm"": 101, ""shoulder_cm"": 42, ""sleeve_cm"": 54, ""length_cm"": 77}","{""chest_cm"": 99, ""waist_cm"": 91, ""hip_cm"": 101, ""shoulder_cm"": 42, ""sleeve_cm"": 54, ""length_cm"": 77}",delivered,DC-004-2,1,6,01/06/2026 16:12,13/07/2026 16:12,2026-07-13T16:12:00,10,,,
251,DLO-2026-004-M469-G11-P1,DLO-2026-004,469,11,12,Isaac Dunleavey,5th Year,A,"{""chest_cm"": 99, ""waist_cm"": 91, ""hip_cm"": 101, ""shoulder_cm"": 42, ""sleeve_cm"": 54, ""length_cm"": 77}","{""chest_cm"": 99, ""waist_cm"": 91, ""hip_cm"": 101, ""shoulder_cm"": 42, ""sleeve_cm"": 54, ""length_cm"": 77}",delivered,DC-004-1,1,6,01/06/2026 16:12,13/07/2026 16:12,2026-07-13T16:12:00,10,,,
252,DLO-2026-004-M476-G1-P1,DLO-2026-004,476,1,8,Josh Lehane,2nd Year,A,"{""chest_cm"": 92, ""waist_cm"": 83, ""hip_cm"": 96, ""shoulder_cm"": 39, ""sleeve_cm"": 51, ""length_cm"": 72}","{""chest_cm"": 92, ""waist_cm"": 83, ""hip_cm"": 96, ""shoulder_cm"": 39, ""sleeve_cm"": 51, ""length_cm"": 72}",returned,DC-004-4,1,6,01/06/2026 16:12,13/07/2026 16:12,2026-07-13T16:12:00,10,27/07/2026 16:12,11,Loose stitching at seam
253,DLO-2026-004-M476-G5-P1,DLO-2026-004,476,5,10,Josh Lehane,2nd Year,A,"{""chest_cm"": 92, ""waist_cm"": 83, ""hip_cm"": 96, ""shoulder_cm"": 39, ""sleeve_cm"": 51, ""length_cm"": 72}","{""chest_cm"": 92, ""waist_cm"": 83, ""hip_cm"": 96, ""shoulder_cm"": 39, ""sleeve_cm"": 51, ""length_cm"": 72}",delivered,DC-004-3,1,6,01/06/2026 16:12,13/07/2026 16:12,2026-07-13T16:12:00,10,,,
254,DLO-2026-004-M476-G5-P2,DLO-2026-004,476,5,10,Josh Lehane,2nd Year,A,"{""chest_cm"": 92, ""waist_cm"": 83, ""hip_cm"": 96, ""shoulder_cm"": 39, ""sleeve_cm"": 51, ""length_cm"": 72}","{""chest_cm"": 92, ""waist_cm"": 83, ""hip_cm"": 96, ""shoulder_cm"": 39, ""sleeve_cm"": 51, ""length_cm"": 72}",delivered,DC-004-2,2,6,01/06/2026 16:12,13/07/2026 16:12,2026-07-13T16:12:00,10,,,
255,DLO-2026-004-M476-G10-P1,DLO-2026-004,476,10,11,Josh Lehane,2nd Year,A,"{""chest_cm"": 92, ""waist_cm"": 83, ""hip_cm"": 96, ""shoulder_cm"": 39, ""sleeve_cm"": 51, ""length_cm"": 72}","{""chest_cm"": 92, ""waist_cm"": 83, ""hip_cm"": 96, ""shoulder_cm"": 39, ""sleeve_cm"": 51, ""length_cm"": 72}",delivered,DC-004-1,1,6,01/06/2026 16:12,13/07/2026 16:12,2026-07-13T16:12:00,10,,,
256,DLO-2026-004-M476-G11-P1,DLO-2026-004,476,11,12,Josh Lehane,2nd Year,A,"{""chest_cm"": 92, ""waist_cm"": 83, ""hip_cm"": 96, ""shoulder_cm"": 39, ""sleeve_cm"": 51, ""length_cm"": 72}","{""chest_cm"": 92, ""waist_cm"": 83, ""hip_cm"": 96, ""shoulder_cm"": 39, ""sleeve_cm"": 51, ""length_cm"": 72}",delivered,DC-004-4,1,6,01/06/2026 16:12,13/07/2026 16:12,2026-07-13T16:12:00,10,,,
257,DLO-2026-004-M478-G2-P1,DLO-2026-004,478,2,9,Nora Simmonds,2nd Year,C,"{""chest_cm"": 84, ""waist_cm"": 75, ""hip_cm"": 90, ""shoulder_cm"": 35, ""sleeve_cm"": 46, ""length_cm"": 66}","{""chest_cm"": 84, ""waist_cm"": 75, ""hip_cm"": 90, ""shoulder_cm"": 35, ""sleeve_cm"": 46, ""length_cm"": 66}",delivered,DC-004-3,1,6,01/06/2026 16:12,13/07/2026 16:12,2026-07-13T16:12:00,10,,,
258,DLO-2026-004-M478-G5-P1,DLO-2026-004,478,5,10,Nora Simmonds,2nd Year,C,"{""chest_cm"": 84, ""waist_cm"": 75, ""hip_cm"": 90, ""shoulder_cm"": 35, ""sleeve_cm"": 46, ""length_cm"": 66}","{""chest_cm"": 84, ""waist_cm"": 75, ""hip_cm"": 90, ""shoulder_cm"": 35, ""sleeve_cm"": 46, ""length_cm"": 66}",delivered,DC-004-2,1,6,01/06/2026 16:12,13/07/2026 16:12,2026-07-13T16:12:00,10,,,
259,DLO-2026-004-M478-G5-P2,DLO-2026-004,478,5,10,Nora Simmonds,2nd Year,C,"{""chest_cm"": 84, ""waist_cm"": 75, ""hip_cm"": 90, ""shoulder_cm"": 35, ""sleeve_cm"": 46, ""length_cm"": 66}","{""chest_cm"": 84, ""waist_cm"": 75, ""hip_cm"": 90, ""shoulder_cm"": 35, ""sleeve_cm"": 46, ""length_cm"": 66}",delivered,DC-004-3,2,6,01/06/2026 16:12,13/07/2026 16:12,2026-07-13T16:12:00,10,,,
260,DLO-2026-004-M478-G10-P1,DLO-2026-004,478,10,11,Nora Simmonds,2nd Year,C,"{""chest_cm"": 84, ""waist_cm"": 75, ""hip_cm"": 90, ""shoulder_cm"": 35, ""sleeve_cm"": 46, ""length_cm"": 66}","{""chest_cm"": 84, ""waist_cm"": 75, ""hip_cm"": 90, ""shoulder_cm"": 35, ""sleeve_cm"": 46, ""length_cm"": 66}",delivered,DC-004-3,1,6,01/06/2026 16:12,13/07/2026 16:12,2026-07-13T16:12:00,10,,,
261,DLO-2026-004-M478-G11-P1,DLO-2026-004,478,11,12,Nora Simmonds,2nd Year,C,"{""chest_cm"": 84, ""waist_cm"": 75, ""hip_cm"": 90, ""shoulder_cm"": 35, ""sleeve_cm"": 46, ""length_cm"": 66}","{""chest_cm"": 84, ""waist_cm"": 75, ""hip_cm"": 90, ""shoulder_cm"": 35, ""sleeve_cm"": 46, ""length_cm"": 66}",returned,DC-004-3,1,6,01/06/2026 16:12,13/07/2026 16:12,2026-07-13T16:12:00,10,16/07/2026 16:12,11,Loose stitching at seam
262,DLO-2026-004-M479-G2-P1,DLO-2026-004,479,2,9,Lucy MacGurk,3rd Year,C,"{""chest_cm"": 91, ""waist_cm"": 85, ""hip_cm"": 95, ""shoulder_cm"": 38, ""sleeve_cm"": 50, ""length_cm"": 71}","{""chest_cm"": 91, ""waist_cm"": 85, ""hip_cm"": 95, ""shoulder_cm"": 38, ""sleeve_cm"": 50, ""length_cm"": 71}",delivered,DC-004-3,1,6,01/06/2026 16:12,13/07/2026 16:12,2026-07-13T16:12:00,10,,,
263,DLO-2026-004-M479-G5-P1,DLO-2026-004,479,5,10,Lucy MacGurk,3rd Year,C,"{""chest_cm"": 91, ""waist_cm"": 85, ""hip_cm"": 95, ""shoulder_cm"": 38, ""sleeve_cm"": 50, ""length_cm"": 71}","{""chest_cm"": 91, ""waist_cm"": 85, ""hip_cm"": 95, ""shoulder_cm"": 38, ""sleeve_cm"": 50, ""length_cm"": 71}",delivered,DC-004-3,1,6,01/06/2026 16:12,13/07/2026 16:12,2026-07-13T16:12:00,10,,,
264,DLO-2026-004-M479-G5-P2,DLO-2026-004,479,5,10,Lucy MacGurk,3rd Year,C,"{""chest_cm"": 91, ""waist_cm"": 85, ""hip_cm"": 95, ""shoulder_cm"": 38, ""sleeve_cm"": 50, ""length_cm"": 71}","{""chest_cm"": 91, ""waist_cm"": 85, ""hip_cm"": 95, ""shoulder_cm"": 38, ""sleeve_cm"": 50, ""length_cm"": 71}",delivered,DC-004-2,2,6,01/06/2026 16:12,13/07/2026 16:12,2026-07-13T16:12:00,10,,,
265,DLO-2026-004-M479-G10-P1,DLO-2026-004,479,10,11,Lucy MacGurk,3rd Year,C,"{""chest_cm"": 91, ""waist_cm"": 85, ""hip_cm"": 95, ""shoulder_cm"": 38, ""sleeve_cm"": 50, ""length_cm"": 71}","{""chest_cm"": 91, ""waist_cm"": 85, ""hip_cm"": 95, ""shoulder_cm"": 38, ""sleeve_cm"": 50, ""length_cm"": 71}",delivered,DC-004-2,1,6,01/06/2026 16:12,13/07/2026 16:12,2026-07-13T16:12:00,10,,,
266,DLO-2026-004-M479-G11-P1,DLO-2026-004,479,11,12,Lucy MacGurk,3rd Year,C,"{""chest_cm"": 91, ""waist_cm"": 85, ""hip_cm"": 95, ""shoulder_cm"": 38, ""sleeve_cm"": 50, ""length_cm"": 71}","{""chest_cm"": 91, ""waist_cm"": 85, ""hip_cm"": 95, ""shoulder_cm"": 38, ""sleeve_cm"": 50, ""length_cm"": 71}",delivered,DC-004-2,1,6,01/06/2026 16:12,13/07/2026 16:12,2026-07-13T16:12:00,10,,,
267,DLO-2026-004-M482-G1-P1,DLO-2026-004,482,1,8,Conrad Murphy,5th Year,A,"{""chest_cm"": 95, ""waist_cm"": 87, ""hip_cm"": 98, ""shoulder_cm"": 40, ""sleeve_cm"": 52, ""length_cm"": 74}","{""chest_cm"": 95, ""waist_cm"": 87, ""hip_cm"": 98, ""shoulder_cm"": 40, ""sleeve_cm"": 52, ""length_cm"": 74}",delivered,DC-004-1,1,6,01/06/2026 16:12,13/07/2026 16:12,2026-07-13T16:12:00,10,,,
268,DLO-2026-004-M482-G5-P1,DLO-2026-004,482,5,10,Conrad Murphy,5th Year,A,"{""chest_cm"": 95, ""waist_cm"": 87, ""hip_cm"": 98, ""shoulder_cm"": 40, ""sleeve_cm"": 52, ""length_cm"": 74}","{""chest_cm"": 95, ""waist_cm"": 87, ""hip_cm"": 98, ""shoulder_cm"": 40, ""sleeve_cm"": 52, ""length_cm"": 74}",delivered,DC-004-1,1,6,01/06/2026 16:12,13/07/2026 16:12,2026-07-13T16:12:00,10,,,
269,DLO-2026-004-M482-G5-P2,DLO-2026-004,482,5,10,Conrad Murphy,5th Year,A,"{""chest_cm"": 95, ""waist_cm"": 87, ""hip_cm"": 98, ""shoulder_cm"": 40, ""sleeve_cm"": 52, ""length_cm"": 74}","{""chest_cm"": 95, ""waist_cm"": 87, ""hip_cm"": 98, ""shoulder_cm"": 40, ""sleeve_cm"": 52, ""length_cm"": 74}",delivered,DC-004-2,2,6,01/06/2026 16:12,13/07/2026 16:12,2026-07-13T16:12:00,10,,,
270,DLO-2026-004-M482-G10-P1,DLO-2026-004,482,10,11,Conrad Murphy,5th Year,A,"{""chest_cm"": 95, ""waist_cm"": 87, ""hip_cm"": 98, ""shoulder_cm"": 40, ""sleeve_cm"": 52, ""length_cm"": 74}","{""chest_cm"": 95, ""waist_cm"": 87, ""hip_cm"": 98, ""shoulder_cm"": 40, ""sleeve_cm"": 52, ""length_cm"": 74}",delivered,DC-004-2,1,6,01/06/2026 16:12,13/07/2026 16:12,2026-07-13T16:12:00,10,,,
271,DLO-2026-004-M482-G11-P1,DLO-2026-004,482,11,12,Conrad Murphy,5th Year,A,"{""chest_cm"": 95, ""waist_cm"": 87, ""hip_cm"": 98, ""shoulder_cm"": 40, ""sleeve_cm"": 52, ""length_cm"": 74}","{""chest_cm"": 95, ""waist_cm"": 87, ""hip_cm"": 98, ""shoulder_cm"": 40, ""sleeve_cm"": 52, ""length_cm"": 74}",delivered,DC-004-1,1,6,01/06/2026 16:12,13/07/2026 16:12,2026-07-13T16:12:00,10,,,
272,DLO-2026-004-M483-G2-P1,DLO-2026-004,483,2,9,Cailin MacHale,6th Year,B,"{""chest_cm"": 86, ""waist_cm"": 80, ""hip_cm"": 94, ""shoulder_cm"": 36, ""sleeve_cm"": 47, ""length_cm"": 67}","{""chest_cm"": 86, ""waist_cm"": 80, ""hip_cm"": 94, ""shoulder_cm"": 36, ""sleeve_cm"": 47, ""length_cm"": 67}",delivered,DC-004-1,1,6,01/06/2026 16:12,13/07/2026 16:12,2026-07-13T16:12:00,10,,,
273,DLO-2026-004-M483-G5-P1,DLO-2026-004,483,5,10,Cailin MacHale,6th Year,B,"{""chest_cm"": 86, ""waist_cm"": 80, ""hip_cm"": 94, ""shoulder_cm"": 36, ""sleeve_cm"": 47, ""length_cm"": 67}","{""chest_cm"": 86, ""waist_cm"": 80, ""hip_cm"": 94, ""shoulder_cm"": 36, ""sleeve_cm"": 47, ""length_cm"": 67}",delivered,DC-004-2,1,6,01/06/2026 16:12,13/07/2026 16:12,2026-07-13T16:12:00,10,,,
274,DLO-2026-004-M483-G5-P2,DLO-2026-004,483,5,10,Cailin MacHale,6th Year,B,"{""chest_cm"": 86, ""waist_cm"": 80, ""hip_cm"": 94, ""shoulder_cm"": 36, ""sleeve_cm"": 47, ""length_cm"": 67}","{""chest_cm"": 86, ""waist_cm"": 80, ""hip_cm"": 94, ""shoulder_cm"": 36, ""sleeve_cm"": 47, ""length_cm"": 67}",delivered,DC-004-3,2,6,01/06/2026 16:12,13/07/2026 16:12,2026-07-13T16:12:00,10,,,
275,DLO-2026-004-M483-G10-P1,DLO-2026-004,483,10,11,Cailin MacHale,6th Year,B,"{""chest_cm"": 86, ""waist_cm"": 80, ""hip_cm"": 94, ""shoulder_cm"": 36, ""sleeve_cm"": 47, ""length_cm"": 67}","{""chest_cm"": 86, ""waist_cm"": 80, ""hip_cm"": 94, ""shoulder_cm"": 36, ""sleeve_cm"": 47, ""length_cm"": 67}",delivered,DC-004-3,1,6,01/06/2026 16:12,13/07/2026 16:12,2026-07-13T16:12:00,10,,,
276,DLO-2026-004-M483-G11-P1,DLO-2026-004,483,11,12,Cailin MacHale,6th Year,B,"{""chest_cm"": 86, ""waist_cm"": 80, ""hip_cm"": 94, ""shoulder_cm"": 36, ""sleeve_cm"": 47, ""length_cm"": 67}","{""chest_cm"": 86, ""waist_cm"": 80, ""hip_cm"": 94, ""shoulder_cm"": 36, ""sleeve_cm"": 47, ""length_cm"": 67}",delivered,DC-004-3,1,6,01/06/2026 16:12,13/07/2026 16:12,2026-07-13T16:12:00,10,,,
277,DLO-2026-004-M485-G2-P1,DLO-2026-004,485,2,9,Ailis MacMullan,3rd Year,B,"{""chest_cm"": 100, ""waist_cm"": 93, ""hip_cm"": 105, ""shoulder_cm"": 42, ""sleeve_cm"": 55, ""length_cm"": 78}","{""chest_cm"": 100, ""waist_cm"": 93, ""hip_cm"": 105, ""shoulder_cm"": 42, ""sleeve_cm"": 55, ""length_cm"": 78}",delivered,DC-004-3,1,6,01/06/2026 16:12,13/07/2026 16:12,2026-07-13T16:12:00,10,,,
278,DLO-2026-004-M485-G5-P1,DLO-2026-004,485,5,10,Ailis MacMullan,3rd Year,B,"{""chest_cm"": 100, ""waist_cm"": 93, ""hip_cm"": 105, ""shoulder_cm"": 42, ""sleeve_cm"": 55, ""length_cm"": 78}","{""chest_cm"": 100, ""waist_cm"": 93, ""hip_cm"": 105, ""shoulder_cm"": 42, ""sleeve_cm"": 55, ""length_cm"": 78}",delivered,DC-004-1,1,6,01/06/2026 16:12,13/07/2026 16:12,2026-07-13T16:12:00,10,,,
279,DLO-2026-004-M485-G5-P2,DLO-2026-004,485,5,10,Ailis MacMullan,3rd Year,B,"{""chest_cm"": 100, ""waist_cm"": 93, ""hip_cm"": 105, ""shoulder_cm"": 42, ""sleeve_cm"": 55, ""length_cm"": 78}","{""chest_cm"": 100, ""waist_cm"": 93, ""hip_cm"": 105, ""shoulder_cm"": 42, ""sleeve_cm"": 55, ""length_cm"": 78}",delivered,DC-004-1,2,6,01/06/2026 16:12,13/07/2026 16:12,2026-07-13T16:12:00,10,,,
280,DLO-2026-004-M485-G10-P1,DLO-2026-004,485,10,11,Ailis MacMullan,3rd Year,B,"{""chest_cm"": 100, ""waist_cm"": 93, ""hip_cm"": 105, ""shoulder_cm"": 42, ""sleeve_cm"": 55, ""length_cm"": 78}","{""chest_cm"": 100, ""waist_cm"": 93, ""hip_cm"": 105, ""shoulder_cm"": 42, ""sleeve_cm"": 55, ""length_cm"": 78}",delivered,DC-004-2,1,6,01/06/2026 16:12,13/07/2026 16:12,2026-07-13T16:12:00,10,,,
281,DLO-2026-004-M485-G11-P1,DLO-2026-004,485,11,12,Ailis MacMullan,3rd Year,B,"{""chest_cm"": 100, ""waist_cm"": 93, ""hip_cm"": 105, ""shoulder_cm"": 42, ""sleeve_cm"": 55, ""length_cm"": 78}","{""chest_cm"": 100, ""waist_cm"": 93, ""hip_cm"": 105, ""shoulder_cm"": 42, ""sleeve_cm"": 55, ""length_cm"": 78}",delivered,DC-004-3,1,6,01/06/2026 16:12,13/07/2026 16:12,2026-07-13T16:12:00,10,,,
282,DLO-2026-004-M495-G2-P1,DLO-2026-004,495,2,9,Catherine MacInerney,1st Year,A,"{""chest_cm"": 101, ""waist_cm"": 93, ""hip_cm"": 109, ""shoulder_cm"": 42, ""sleeve_cm"": 56, ""length_cm"": 79}","{""chest_cm"": 101, ""waist_cm"": 93, ""hip_cm"": 109, ""shoulder_cm"": 42, ""sleeve_cm"": 56, ""length_cm"": 79}",delivered,DC-004-1,1,6,01/06/2026 16:12,13/07/2026 16:12,2026-07-13T16:12:00,10,,,
283,DLO-2026-004-M495-G5-P1,DLO-2026-004,495,5,10,Catherine MacInerney,1st Year,A,"{""chest_cm"": 101, ""waist_cm"": 93, ""hip_cm"": 109, ""shoulder_cm"": 42, ""sleeve_cm"": 56, ""length_cm"": 79}","{""chest_cm"": 101, ""waist_cm"": 93, ""hip_cm"": 109, ""shoulder_cm"": 42, ""sleeve_cm"": 56, ""length_cm"": 79}",delivered,DC-004-2,1,6,01/06/2026 16:12,13/07/2026 16:12,2026-07-13T16:12:00,10,,,
284,DLO-2026-004-M495-G5-P2,DLO-2026-004,495,5,10,Catherine MacInerney,1st Year,A,"{""chest_cm"": 101, ""waist_cm"": 93, ""hip_cm"": 109, ""shoulder_cm"": 42, ""sleeve_cm"": 56, ""length_cm"": 79}","{""chest_cm"": 101, ""waist_cm"": 93, ""hip_cm"": 109, ""shoulder_cm"": 42, ""sleeve_cm"": 56, ""length_cm"": 79}",delivered,DC-004-1,2,6,01/06/2026 16:12,13/07/2026 16:12,2026-07-13T16:12:00,10,,,
285,DLO-2026-004-M495-G10-P1,DLO-2026-004,495,10,11,Catherine MacInerney,1st Year,A,"{""chest_cm"": 101, ""waist_cm"": 93, ""hip_cm"": 109, ""shoulder_cm"": 42, ""sleeve_cm"": 56, ""length_cm"": 79}","{""chest_cm"": 101, ""waist_cm"": 93, ""hip_cm"": 109, ""shoulder_cm"": 42, ""sleeve_cm"": 56, ""length_cm"": 79}",delivered,DC-004-3,1,6,01/06/2026 16:12,13/07/2026 16:12,2026-07-13T16:12:00,10,,,
286,DLO-2026-004-M495-G11-P1,DLO-2026-004,495,11,12,Catherine MacInerney,1st Year,A,"{""chest_cm"": 101, ""waist_cm"": 93, ""hip_cm"": 109, ""shoulder_cm"": 42, ""sleeve_cm"": 56, ""length_cm"": 79}","{""chest_cm"": 101, ""waist_cm"": 93, ""hip_cm"": 109, ""shoulder_cm"": 42, ""sleeve_cm"": 56, ""length_cm"": 79}",delivered,DC-004-4,1,6,01/06/2026 16:12,13/07/2026 16:12,2026-07-13T16:12:00,10,,,
287,DLO-2026-004-M505-G2-P1,DLO-2026-004,505,2,9,Meibh Darmody,2nd Year,B,"{""chest_cm"": 87, ""waist_cm"": 81, ""hip_cm"": 94, ""shoulder_cm"": 37, ""sleeve_cm"": 48, ""length_cm"": 68}","{""chest_cm"": 87, ""waist_cm"": 81, ""hip_cm"": 94, ""shoulder_cm"": 37, ""sleeve_cm"": 48, ""length_cm"": 68}",delivered,DC-004-4,1,6,01/06/2026 16:12,13/07/2026 16:12,2026-07-13T16:12:00,10,,,
288,DLO-2026-004-M505-G5-P1,DLO-2026-004,505,5,10,Meibh Darmody,2nd Year,B,"{""chest_cm"": 87, ""waist_cm"": 81, ""hip_cm"": 94, ""shoulder_cm"": 37, ""sleeve_cm"": 48, ""length_cm"": 68}","{""chest_cm"": 87, ""waist_cm"": 81, ""hip_cm"": 94, ""shoulder_cm"": 37, ""sleeve_cm"": 48, ""length_cm"": 68}",delivered,DC-004-2,1,6,01/06/2026 16:12,13/07/2026 16:12,2026-07-13T16:12:00,10,,,
289,DLO-2026-004-M505-G5-P2,DLO-2026-004,505,5,10,Meibh Darmody,2nd Year,B,"{""chest_cm"": 87, ""waist_cm"": 81, ""hip_cm"": 94, ""shoulder_cm"": 37, ""sleeve_cm"": 48, ""length_cm"": 68}","{""chest_cm"": 87, ""waist_cm"": 81, ""hip_cm"": 94, ""shoulder_cm"": 37, ""sleeve_cm"": 48, ""length_cm"": 68}",delivered,DC-004-4,2,6,01/06/2026 16:12,13/07/2026 16:12,2026-07-13T16:12:00,10,,,
290,DLO-2026-004-M505-G10-P1,DLO-2026-004,505,10,11,Meibh Darmody,2nd Year,B,"{""chest_cm"": 87, ""waist_cm"": 81, ""hip_cm"": 94, ""shoulder_cm"": 37, ""sleeve_cm"": 48, ""length_cm"": 68}","{""chest_cm"": 87, ""waist_cm"": 81, ""hip_cm"": 94, ""shoulder_cm"": 37, ""sleeve_cm"": 48, ""length_cm"": 68}",delivered,DC-004-3,1,6,01/06/2026 16:12,13/07/2026 16:12,2026-07-13T16:12:00,10,,,
291,DLO-2026-004-M505-G11-P1,DLO-2026-004,505,11,12,Meibh Darmody,2nd Year,B,"{""chest_cm"": 87, ""waist_cm"": 81, ""hip_cm"": 94, ""shoulder_cm"": 37, ""sleeve_cm"": 48, ""length_cm"": 68}","{""chest_cm"": 87, ""waist_cm"": 81, ""hip_cm"": 94, ""shoulder_cm"": 37, ""sleeve_cm"": 48, ""length_cm"": 68}",delivered,DC-004-4,1,6,01/06/2026 16:12,13/07/2026 16:12,2026-07-13T16:12:00,10,,,
292,DLO-2026-004-M511-G1-P1,DLO-2026-004,511,1,8,Hugh Downey,5th Year,A,"{""chest_cm"": 80, ""waist_cm"": 74, ""hip_cm"": 85, ""shoulder_cm"": 34, ""sleeve_cm"": 44, ""length_cm"": 62}","{""chest_cm"": 80, ""waist_cm"": 74, ""hip_cm"": 85, ""shoulder_cm"": 34, ""sleeve_cm"": 44, ""length_cm"": 62}",delivered,DC-004-1,1,6,01/06/2026 16:12,13/07/2026 16:12,2026-07-13T16:12:00,10,,,
293,DLO-2026-004-M511-G5-P1,DLO-2026-004,511,5,10,Hugh Downey,5th Year,A,"{""chest_cm"": 80, ""waist_cm"": 74, ""hip_cm"": 85, ""shoulder_cm"": 34, ""sleeve_cm"": 44, ""length_cm"": 62}","{""chest_cm"": 80, ""waist_cm"": 74, ""hip_cm"": 85, ""shoulder_cm"": 34, ""sleeve_cm"": 44, ""length_cm"": 62}",delivered,DC-004-2,1,6,01/06/2026 16:12,13/07/2026 16:12,2026-07-13T16:12:00,10,,,
294,DLO-2026-004-M511-G5-P2,DLO-2026-004,511,5,10,Hugh Downey,5th Year,A,"{""chest_cm"": 80, ""waist_cm"": 74, ""hip_cm"": 85, ""shoulder_cm"": 34, ""sleeve_cm"": 44, ""length_cm"": 62}","{""chest_cm"": 80, ""waist_cm"": 74, ""hip_cm"": 85, ""shoulder_cm"": 34, ""sleeve_cm"": 44, ""length_cm"": 62}",delivered,DC-004-2,2,6,01/06/2026 16:12,13/07/2026 16:12,2026-07-13T16:12:00,10,,,
295,DLO-2026-004-M511-G10-P1,DLO-2026-004,511,10,11,Hugh Downey,5th Year,A,"{""chest_cm"": 80, ""waist_cm"": 74, ""hip_cm"": 85, ""shoulder_cm"": 34, ""sleeve_cm"": 44, ""length_cm"": 62}","{""chest_cm"": 80, ""waist_cm"": 74, ""hip_cm"": 85, ""shoulder_cm"": 34, ""sleeve_cm"": 44, ""length_cm"": 62}",delivered,DC-004-1,1,6,01/06/2026 16:12,13/07/2026 16:12,2026-07-13T16:12:00,10,,,
296,DLO-2026-004-M511-G11-P1,DLO-2026-004,511,11,12,Hugh Downey,5th Year,A,"{""chest_cm"": 80, ""waist_cm"": 74, ""hip_cm"": 85, ""shoulder_cm"": 34, ""sleeve_cm"": 44, ""length_cm"": 62}","{""chest_cm"": 80, ""waist_cm"": 74, ""hip_cm"": 85, ""shoulder_cm"": 34, ""sleeve_cm"": 44, ""length_cm"": 62}",delivered,DC-004-3,1,6,01/06/2026 16:12,13/07/2026 16:12,2026-07-13T16:12:00,10,,,
297,DLO-2026-004-M513-G1-P1,DLO-2026-004,513,1,8,Cormac Heaney,6th Year,C,"{""chest_cm"": 79, ""waist_cm"": 74, ""hip_cm"": 82, ""shoulder_cm"": 33, ""sleeve_cm"": 43, ""length_cm"": 62}","{""chest_cm"": 79, ""waist_cm"": 74, ""hip_cm"": 82, ""shoulder_cm"": 33, ""sleeve_cm"": 43, ""length_cm"": 62}",returned,DC-004-4,1,6,01/06/2026 16:12,13/07/2026 16:12,2026-07-13T16:12:00,10,24/07/2026 16:12,11,Size too small - remake requested
298,DLO-2026-004-M513-G5-P1,DLO-2026-004,513,5,10,Cormac Heaney,6th Year,C,"{""chest_cm"": 79, ""waist_cm"": 74, ""hip_cm"": 82, ""shoulder_cm"": 33, ""sleeve_cm"": 43, ""length_cm"": 62}","{""chest_cm"": 79, ""waist_cm"": 74, ""hip_cm"": 82, ""shoulder_cm"": 33, ""sleeve_cm"": 43, ""length_cm"": 62}",delivered,DC-004-4,1,6,01/06/2026 16:12,13/07/2026 16:12,2026-07-13T16:12:00,10,,,
299,DLO-2026-004-M513-G5-P2,DLO-2026-004,513,5,10,Cormac Heaney,6th Year,C,"{""chest_cm"": 79, ""waist_cm"": 74, ""hip_cm"": 82, ""shoulder_cm"": 33, ""sleeve_cm"": 43, ""length_cm"": 62}","{""chest_cm"": 79, ""waist_cm"": 74, ""hip_cm"": 82, ""shoulder_cm"": 33, ""sleeve_cm"": 43, ""length_cm"": 62}",delivered,DC-004-2,2,6,01/06/2026 16:12,13/07/2026 16:12,2026-07-13T16:12:00,10,,,
300,DLO-2026-004-M513-G10-P1,DLO-2026-004,513,10,11,Cormac Heaney,6th Year,C,"{""chest_cm"": 79, ""waist_cm"": 74, ""hip_cm"": 82, ""shoulder_cm"": 33, ""sleeve_cm"": 43, ""length_cm"": 62}","{""chest_cm"": 79, ""waist_cm"": 74, ""hip_cm"": 82, ""shoulder_cm"": 33, ""sleeve_cm"": 43, ""length_cm"": 62}",delivered,DC-004-3,1,6,01/06/2026 16:12,13/07/2026 16:12,2026-07-13T16:12:00,10,,,
301,DLO-2026-004-M513-G11-P1,DLO-2026-004,513,11,12,Cormac Heaney,6th Year,C,"{""chest_cm"": 79, ""waist_cm"": 74, ""hip_cm"": 82, ""shoulder_cm"": 33, ""sleeve_cm"": 43, ""length_cm"": 62}","{""chest_cm"": 79, ""waist_cm"": 74, ""hip_cm"": 82, ""shoulder_cm"": 33, ""sleeve_cm"": 43, ""length_cm"": 62}",delivered,DC-004-4,1,6,01/06/2026 16:12,13/07/2026 16:12,2026-07-13T16:12:00,10,,,
302,DLO-2026-004-M514-G1-P1,DLO-2026-004,514,1,8,Cahir Mulvey,3rd Year,C,"{""chest_cm"": 87, ""waist_cm"": 81, ""hip_cm"": 92, ""shoulder_cm"": 37, ""sleeve_cm"": 48, ""length_cm"": 68}","{""chest_cm"": 87, ""waist_cm"": 81, ""hip_cm"": 92, ""shoulder_cm"": 37, ""sleeve_cm"": 48, ""length_cm"": 68}",delivered,DC-004-2,1,6,01/06/2026 16:12,13/07/2026 16:12,2026-07-13T16:12:00,10,,,
303,DLO-2026-004-M514-G5-P1,DLO-2026-004,514,5,10,Cahir Mulvey,3rd Year,C,"{""chest_cm"": 87, ""waist_cm"": 81, ""hip_cm"": 92, ""shoulder_cm"": 37, ""sleeve_cm"": 48, ""length_cm"": 68}","{""chest_cm"": 87, ""waist_cm"": 81, ""hip_cm"": 92, ""shoulder_cm"": 37, ""sleeve_cm"": 48, ""length_cm"": 68}",delivered,DC-004-3,1,6,01/06/2026 16:12,13/07/2026 16:12,2026-07-13T16:12:00,10,,,
304,DLO-2026-004-M514-G5-P2,DLO-2026-004,514,5,10,Cahir Mulvey,3rd Year,C,"{""chest_cm"": 87, ""waist_cm"": 81, ""hip_cm"": 92, ""shoulder_cm"": 37, ""sleeve_cm"": 48, ""length_cm"": 68}","{""chest_cm"": 87, ""waist_cm"": 81, ""hip_cm"": 92, ""shoulder_cm"": 37, ""sleeve_cm"": 48, ""length_cm"": 68}",delivered,DC-004-2,2,6,01/06/2026 16:12,13/07/2026 16:12,2026-07-13T16:12:00,10,,,
305,DLO-2026-004-M514-G10-P1,DLO-2026-004,514,10,11,Cahir Mulvey,3rd Year,C,"{""chest_cm"": 87, ""waist_cm"": 81, ""hip_cm"": 92, ""shoulder_cm"": 37, ""sleeve_cm"": 48, ""length_cm"": 68}","{""chest_cm"": 87, ""waist_cm"": 81, ""hip_cm"": 92, ""shoulder_cm"": 37, ""sleeve_cm"": 48, ""length_cm"": 68}",delivered,DC-004-3,1,6,01/06/2026 16:12,13/07/2026 16:12,2026-07-13T16:12:00,10,,,
306,DLO-2026-004-M514-G11-P1,DLO-2026-004,514,11,12,Cahir Mulvey,3rd Year,C,"{""chest_cm"": 87, ""waist_cm"": 81, ""hip_cm"": 92, ""shoulder_cm"": 37, ""sleeve_cm"": 48, ""length_cm"": 68}","{""chest_cm"": 87, ""waist_cm"": 81, ""hip_cm"": 92, ""shoulder_cm"": 37, ""sleeve_cm"": 48, ""length_cm"": 68}",delivered,DC-004-3,1,6,01/06/2026 16:12,13/07/2026 16:12,2026-07-13T16:12:00,10,,,
307,DLO-2026-004-M518-G1-P1,DLO-2026-004,518,1,8,Reuben Greally,5th Year,A,"{""chest_cm"": 90, ""waist_cm"": 82, ""hip_cm"": 96, ""shoulder_cm"": 38, ""sleeve_cm"": 50, ""length_cm"": 70}","{""chest_cm"": 90, ""waist_cm"": 82, ""hip_cm"": 96, ""shoulder_cm"": 38, ""sleeve_cm"": 50, ""length_cm"": 70}",delivered,DC-004-1,1,6,01/06/2026 16:12,13/07/2026 16:12,2026-07-13T16:12:00,10,,,
308,DLO-2026-004-M518-G5-P1,DLO-2026-004,518,5,10,Reuben Greally,5th Year,A,"{""chest_cm"": 90, ""waist_cm"": 82, ""hip_cm"": 96, ""shoulder_cm"": 38, ""sleeve_cm"": 50, ""length_cm"": 70}","{""chest_cm"": 90, ""waist_cm"": 82, ""hip_cm"": 96, ""shoulder_cm"": 38, ""sleeve_cm"": 50, ""length_cm"": 70}",delivered,DC-004-2,1,6,01/06/2026 16:12,13/07/2026 16:12,2026-07-13T16:12:00,10,,,
309,DLO-2026-004-M518-G5-P2,DLO-2026-004,518,5,10,Reuben Greally,5th Year,A,"{""chest_cm"": 90, ""waist_cm"": 82, ""hip_cm"": 96, ""shoulder_cm"": 38, ""sleeve_cm"": 50, ""length_cm"": 70}","{""chest_cm"": 90, ""waist_cm"": 82, ""hip_cm"": 96, ""shoulder_cm"": 38, ""sleeve_cm"": 50, ""length_cm"": 70}",delivered,DC-004-1,2,6,01/06/2026 16:12,13/07/2026 16:12,2026-07-13T16:12:00,10,,,
310,DLO-2026-004-M518-G10-P1,DLO-2026-004,518,10,11,Reuben Greally,5th Year,A,"{""chest_cm"": 90, ""waist_cm"": 82, ""hip_cm"": 96, ""shoulder_cm"": 38, ""sleeve_cm"": 50, ""length_cm"": 70}","{""chest_cm"": 90, ""waist_cm"": 82, ""hip_cm"": 96, ""shoulder_cm"": 38, ""sleeve_cm"": 50, ""length_cm"": 70}",delivered,DC-004-1,1,6,01/06/2026 16:12,13/07/2026 16:12,2026-07-13T16:12:00,10,,,
311,DLO-2026-004-M518-G11-P1,DLO-2026-004,518,11,12,Reuben Greally,5th Year,A,"{""chest_cm"": 90, ""waist_cm"": 82, ""hip_cm"": 96, ""shoulder_cm"": 38, ""sleeve_cm"": 50, ""length_cm"": 70}","{""chest_cm"": 90, ""waist_cm"": 82, ""hip_cm"": 96, ""shoulder_cm"": 38, ""sleeve_cm"": 50, ""length_cm"": 70}",delivered,DC-004-2,1,6,01/06/2026 16:12,13/07/2026 16:12,2026-07-13T16:12:00,10,,,
312,DLO-2026-004-M519-G1-P1,DLO-2026-004,519,1,8,Morgan Fisher,5th Year,C,"{""chest_cm"": 99, ""waist_cm"": 89, ""hip_cm"": 107, ""shoulder_cm"": 42, ""sleeve_cm"": 54, ""length_cm"": 77}","{""chest_cm"": 99, ""waist_cm"": 89, ""hip_cm"": 107, ""shoulder_cm"": 42, ""sleeve_cm"": 54, ""length_cm"": 77}",delivered,DC-004-1,1,6,01/06/2026 16:12,13/07/2026 16:12,2026-07-13T16:12:00,10,,,
313,DLO-2026-004-M519-G5-P1,DLO-2026-004,519,5,10,Morgan Fisher,5th Year,C,"{""chest_cm"": 99, ""waist_cm"": 89, ""hip_cm"": 107, ""shoulder_cm"": 42, ""sleeve_cm"": 54, ""length_cm"": 77}","{""chest_cm"": 99, ""waist_cm"": 89, ""hip_cm"": 107, ""shoulder_cm"": 42, ""sleeve_cm"": 54, ""length_cm"": 77}",delivered,DC-004-4,1,6,01/06/2026 16:12,13/07/2026 16:12,2026-07-13T16:12:00,10,,,
314,DLO-2026-004-M519-G5-P2,DLO-2026-004,519,5,10,Morgan Fisher,5th Year,C,"{""chest_cm"": 99, ""waist_cm"": 89, ""hip_cm"": 107, ""shoulder_cm"": 42, ""sleeve_cm"": 54, ""length_cm"": 77}","{""chest_cm"": 99, ""waist_cm"": 89, ""hip_cm"": 107, ""shoulder_cm"": 42, ""sleeve_cm"": 54, ""length_cm"": 77}",delivered,DC-004-2,2,6,01/06/2026 16:12,13/07/2026 16:12,2026-07-13T16:12:00,10,,,
315,DLO-2026-004-M519-G10-P1,DLO-2026-004,519,10,11,Morgan Fisher,5th Year,C,"{""chest_cm"": 99, ""waist_cm"": 89, ""hip_cm"": 107, ""shoulder_cm"": 42, ""sleeve_cm"": 54, ""length_cm"": 77}","{""chest_cm"": 99, ""waist_cm"": 89, ""hip_cm"": 107, ""shoulder_cm"": 42, ""sleeve_cm"": 54, ""length_cm"": 77}",delivered,DC-004-1,1,6,01/06/2026 16:12,13/07/2026 16:12,2026-07-13T16:12:00,10,,,
316,DLO-2026-004-M519-G11-P1,DLO-2026-004,519,11,12,Morgan Fisher,5th Year,C,"{""chest_cm"": 99, ""waist_cm"": 89, ""hip_cm"": 107, ""shoulder_cm"": 42, ""sleeve_cm"": 54, ""length_cm"": 77}","{""chest_cm"": 99, ""waist_cm"": 89, ""hip_cm"": 107, ""shoulder_cm"": 42, ""sleeve_cm"": 54, ""length_cm"": 77}",delivered,DC-004-2,1,6,01/06/2026 16:12,13/07/2026 16:12,2026-07-13T16:12:00,10,,,
317,DLO-2026-004-M524-G1-P1,DLO-2026-004,524,1,8,Graeme Leary,4th Year,B,"{""chest_cm"": 92, ""waist_cm"": 85, ""hip_cm"": 95, ""shoulder_cm"": 39, ""sleeve_cm"": 51, ""length_cm"": 72}","{""chest_cm"": 92, ""waist_cm"": 85, ""hip_cm"": 95, ""shoulder_cm"": 39, ""sleeve_cm"": 51, ""length_cm"": 72}",delivered,DC-004-3,1,6,01/06/2026 16:12,13/07/2026 16:12,2026-07-13T16:12:00,10,,,
318,DLO-2026-004-M524-G5-P1,DLO-2026-004,524,5,10,Graeme Leary,4th Year,B,"{""chest_cm"": 92, ""waist_cm"": 85, ""hip_cm"": 95, ""shoulder_cm"": 39, ""sleeve_cm"": 51, ""length_cm"": 72}","{""chest_cm"": 92, ""waist_cm"": 85, ""hip_cm"": 95, ""shoulder_cm"": 39, ""sleeve_cm"": 51, ""length_cm"": 72}",delivered,DC-004-1,1,6,01/06/2026 16:12,13/07/2026 16:12,2026-07-13T16:12:00,10,,,
319,DLO-2026-004-M524-G5-P2,DLO-2026-004,524,5,10,Graeme Leary,4th Year,B,"{""chest_cm"": 92, ""waist_cm"": 85, ""hip_cm"": 95, ""shoulder_cm"": 39, ""sleeve_cm"": 51, ""length_cm"": 72}","{""chest_cm"": 92, ""waist_cm"": 85, ""hip_cm"": 95, ""shoulder_cm"": 39, ""sleeve_cm"": 51, ""length_cm"": 72}",delivered,DC-004-2,2,6,01/06/2026 16:12,13/07/2026 16:12,2026-07-13T16:12:00,10,,,
320,DLO-2026-004-M524-G10-P1,DLO-2026-004,524,10,11,Graeme Leary,4th Year,B,"{""chest_cm"": 92, ""waist_cm"": 85, ""hip_cm"": 95, ""shoulder_cm"": 39, ""sleeve_cm"": 51, ""length_cm"": 72}","{""chest_cm"": 92, ""waist_cm"": 85, ""hip_cm"": 95, ""shoulder_cm"": 39, ""sleeve_cm"": 51, ""length_cm"": 72}",delivered,DC-004-2,1,6,01/06/2026 16:12,13/07/2026 16:12,2026-07-13T16:12:00,10,,,
321,DLO-2026-004-M524-G11-P1,DLO-2026-004,524,11,12,Graeme Leary,4th Year,B,"{""chest_cm"": 92, ""waist_cm"": 85, ""hip_cm"": 95, ""shoulder_cm"": 39, ""sleeve_cm"": 51, ""length_cm"": 72}","{""chest_cm"": 92, ""waist_cm"": 85, ""hip_cm"": 95, ""shoulder_cm"": 39, ""sleeve_cm"": 51, ""length_cm"": 72}",delivered,DC-004-2,1,6,01/06/2026 16:12,13/07/2026 16:12,2026-07-13T16:12:00,10,,,
322,DLO-2026-004-M525-G2-P1,DLO-2026-004,525,2,9,Orfhlaith Hoskins,6th Year,B,"{""chest_cm"": 99, ""waist_cm"": 90, ""hip_cm"": 103, ""shoulder_cm"": 42, ""sleeve_cm"": 54, ""length_cm"": 77}","{""chest_cm"": 99, ""waist_cm"": 90, ""hip_cm"": 103, ""shoulder_cm"": 42, ""sleeve_cm"": 54, ""length_cm"": 77}",delivered,DC-004-1,1,6,01/06/2026 16:12,13/07/2026 16:12,2026-07-13T16:12:00,10,,,
323,DLO-2026-004-M525-G5-P1,DLO-2026-004,525,5,10,Orfhlaith Hoskins,6th Year,B,"{""chest_cm"": 99, ""waist_cm"": 90, ""hip_cm"": 103, ""shoulder_cm"": 42, ""sleeve_cm"": 54, ""length_cm"": 77}","{""chest_cm"": 99, ""waist_cm"": 90, ""hip_cm"": 103, ""shoulder_cm"": 42, ""sleeve_cm"": 54, ""length_cm"": 77}",delivered,DC-004-3,1,6,01/06/2026 16:12,13/07/2026 16:12,2026-07-13T16:12:00,10,,,
324,DLO-2026-004-M525-G5-P2,DLO-2026-004,525,5,10,Orfhlaith Hoskins,6th Year,B,"{""chest_cm"": 99, ""waist_cm"": 90, ""hip_cm"": 103, ""shoulder_cm"": 42, ""sleeve_cm"": 54, ""length_cm"": 77}","{""chest_cm"": 99, ""waist_cm"": 90, ""hip_cm"": 103, ""shoulder_cm"": 42, ""sleeve_cm"": 54, ""length_cm"": 77}",delivered,DC-004-3,2,6,01/06/2026 16:12,13/07/2026 16:12,2026-07-13T16:12:00,10,,,
325,DLO-2026-004-M525-G10-P1,DLO-2026-004,525,10,11,Orfhlaith Hoskins,6th Year,B,"{""chest_cm"": 99, ""waist_cm"": 90, ""hip_cm"": 103, ""shoulder_cm"": 42, ""sleeve_cm"": 54, ""length_cm"": 77}","{""chest_cm"": 99, ""waist_cm"": 90, ""hip_cm"": 103, ""shoulder_cm"": 42, ""sleeve_cm"": 54, ""length_cm"": 77}",delivered,DC-004-4,1,6,01/06/2026 16:12,13/07/2026 16:12,2026-07-13T16:12:00,10,,,
326,DLO-2026-004-M525-G11-P1,DLO-2026-004,525,11,12,Orfhlaith Hoskins,6th Year,B,"{""chest_cm"": 99, ""waist_cm"": 90, ""hip_cm"": 103, ""shoulder_cm"": 42, ""sleeve_cm"": 54, ""length_cm"": 77}","{""chest_cm"": 99, ""waist_cm"": 90, ""hip_cm"": 103, ""shoulder_cm"": 42, ""sleeve_cm"": 54, ""length_cm"": 77}",delivered,DC-004-2,1,6,01/06/2026 16:12,13/07/2026 16:12,2026-07-13T16:12:00,10,,,
327,DLO-2026-004-M528-G2-P1,DLO-2026-004,528,2,9,Ciara Devaney,2nd Year,B,"{""chest_cm"": 97, ""waist_cm"": 90, ""hip_cm"": 98, ""shoulder_cm"": 41, ""sleeve_cm"": 53, ""length_cm"": 76}","{""chest_cm"": 97, ""waist_cm"": 90, ""hip_cm"": 98, ""shoulder_cm"": 41, ""sleeve_cm"": 53, ""length_cm"": 76}",delivered,DC-004-1,1,6,01/06/2026 16:12,13/07/2026 16:12,2026-07-13T16:12:00,10,,,
328,DLO-2026-004-M528-G5-P1,DLO-2026-004,528,5,10,Ciara Devaney,2nd Year,B,"{""chest_cm"": 97, ""waist_cm"": 90, ""hip_cm"": 98, ""shoulder_cm"": 41, ""sleeve_cm"": 53, ""length_cm"": 76}","{""chest_cm"": 97, ""waist_cm"": 90, ""hip_cm"": 98, ""shoulder_cm"": 41, ""sleeve_cm"": 53, ""length_cm"": 76}",delivered,DC-004-3,1,6,01/06/2026 16:12,13/07/2026 16:12,2026-07-13T16:12:00,10,,,
329,DLO-2026-004-M528-G5-P2,DLO-2026-004,528,5,10,Ciara Devaney,2nd Year,B,"{""chest_cm"": 97, ""waist_cm"": 90, ""hip_cm"": 98, ""shoulder_cm"": 41, ""sleeve_cm"": 53, ""length_cm"": 76}","{""chest_cm"": 97, ""waist_cm"": 90, ""hip_cm"": 98, ""shoulder_cm"": 41, ""sleeve_cm"": 53, ""length_cm"": 76}",delivered,DC-004-2,2,6,01/06/2026 16:12,13/07/2026 16:12,2026-07-13T16:12:00,10,,,
22,DLO-2025-001-M72-G3-P1,DLO-2025-001,72,3,2,Shanna McBreen,3rd Year,B,"{""chest_cm"": 80, ""waist_cm"": 72, ""hip_cm"": 88, ""shoulder_cm"": 34, ""sleeve_cm"": 44, ""length_cm"": 62}","{""chest_cm"": 80, ""waist_cm"": 72, ""hip_cm"": 88, ""shoulder_cm"": 34, ""sleeve_cm"": 44, ""length_cm"": 62}",returned,DC-001-4,1,6,13/03/2025 08:04,10/05/2025 08:04,2025-05-10T08:04:00,10,15/05/2025 08:04,11,Fabric shade mismatch
32,DLO-2025-001-M94-G3-P1,DLO-2025-001,94,3,2,Diane Kearns,6th Year,B,"{""chest_cm"": 88, ""waist_cm"": 83, ""hip_cm"": 94, ""shoulder_cm"": 37, ""sleeve_cm"": 48, ""length_cm"": 69}","{""chest_cm"": 88, ""waist_cm"": 83, ""hip_cm"": 94, ""shoulder_cm"": 37, ""sleeve_cm"": 48, ""length_cm"": 69}",returned,DC-001-2,1,6,13/03/2025 08:04,10/05/2025 08:04,2025-05-10T08:04:00,10,20/05/2025 08:04,11,Fabric shade mismatch
54,DLO-2025-001-M168-G1-P1,DLO-2025-001,168,1,1,Shay Cassen,4th Year,B,"{""chest_cm"": 91, ""waist_cm"": 84, ""hip_cm"": 97, ""shoulder_cm"": 38, ""sleeve_cm"": 50, ""length_cm"": 71}","{""chest_cm"": 91, ""waist_cm"": 84, ""hip_cm"": 97, ""shoulder_cm"": 38, ""sleeve_cm"": 50, ""length_cm"": 71}",returned,DC-001-1,1,6,13/03/2025 08:04,10/05/2025 08:04,2025-05-10T08:04:00,10,18/05/2025 08:04,11,Loose stitching at seam
85,DLO-2026-003-M376-G10-P1,DLO-2026-003,376,10,6,Feargal Canny,Senior Infants,C,"{""chest_cm"": 67, ""waist_cm"": 61, ""hip_cm"": 68, ""shoulder_cm"": 28, ""sleeve_cm"": 37, ""length_cm"": 52}","{""chest_cm"": 67, ""waist_cm"": 61, ""hip_cm"": 68, ""shoulder_cm"": 28, ""sleeve_cm"": 37, ""length_cm"": 52}",returned,DC-003-2,1,6,04/04/2026 09:37,11/06/2026 09:37,2026-06-11T09:37:00,10,14/06/2026 09:37,11,Crest embroidery misplaced
95,DLO-2026-003-M379-G10-P1,DLO-2026-003,379,10,6,Gabriel Mackey,4th Class,B,"{""chest_cm"": 59, ""waist_cm"": 54, ""hip_cm"": 66, ""shoulder_cm"": 25, ""sleeve_cm"": 32, ""length_cm"": 46}","{""chest_cm"": 59, ""waist_cm"": 54, ""hip_cm"": 66, ""shoulder_cm"": 25, ""sleeve_cm"": 32, ""length_cm"": 46}",returned,DC-003-3,1,6,04/04/2026 09:37,11/06/2026 09:37,2026-06-11T09:37:00,10,19/06/2026 09:37,11,Fabric shade mismatch
99,DLO-2026-003-M381-G5-P2,DLO-2026-003,381,5,5,Leona Tyrrell,2nd Class,C,"{""chest_cm"": 81, ""waist_cm"": 73, ""hip_cm"": 81, ""shoulder_cm"": 34, ""sleeve_cm"": 45, ""length_cm"": 63}","{""chest_cm"": 81, ""waist_cm"": 73, ""hip_cm"": 81, ""shoulder_cm"": 34, ""sleeve_cm"": 45, ""length_cm"": 63}",returned,DC-003-3,2,6,04/04/2026 09:37,11/06/2026 09:37,2026-06-11T09:37:00,10,15/06/2026 09:37,11,Fabric shade mismatch
144,DLO-2026-003-M405-G5-P2,DLO-2026-003,405,5,5,Evan McHugh,2nd Class,C,"{""chest_cm"": 80, ""waist_cm"": 71, ""hip_cm"": 83, ""shoulder_cm"": 34, ""sleeve_cm"": 44, ""length_cm"": 62}","{""chest_cm"": 80, ""waist_cm"": 71, ""hip_cm"": 83, ""shoulder_cm"": 34, ""sleeve_cm"": 44, ""length_cm"": 62}",returned,DC-003-3,2,6,04/04/2026 09:37,11/06/2026 09:37,2026-06-11T09:37:00,10,21/06/2026 09:37,11,Hem fault
153,DLO-2026-003-M411-G5-P1,DLO-2026-003,411,5,5,Gavin Groogan,3rd Class,A,"{""chest_cm"": 75, ""waist_cm"": 66, ""hip_cm"": 76, ""shoulder_cm"": 32, ""sleeve_cm"": 41, ""length_cm"": 58}","{""chest_cm"": 75, ""waist_cm"": 66, ""hip_cm"": 76, ""shoulder_cm"": 32, ""sleeve_cm"": 41, ""length_cm"": 58}",returned,DC-003-2,1,6,04/04/2026 09:37,11/06/2026 09:37,2026-06-11T09:37:00,10,19/06/2026 09:37,11,Crest embroidery misplaced
213,DLO-2026-004-M450-G5-P1,DLO-2026-004,450,5,10,Lewis Keady,3rd Year,C,"{""chest_cm"": 87, ""waist_cm"": 78, ""hip_cm"": 88, ""shoulder_cm"": 37, ""sleeve_cm"": 48, ""length_cm"": 68}","{""chest_cm"": 87, ""waist_cm"": 78, ""hip_cm"": 88, ""shoulder_cm"": 37, ""sleeve_cm"": 48, ""length_cm"": 68}",returned,DC-004-2,1,6,01/06/2026 16:12,13/07/2026 16:12,2026-07-13T16:12:00,10,20/07/2026 16:12,11,Hem fault
240,DLO-2026-004-M466-G10-P1,DLO-2026-004,466,10,11,Tonicha Hendry,6th Year,A,"{""chest_cm"": 79, ""waist_cm"": 70, ""hip_cm"": 83, ""shoulder_cm"": 33, ""sleeve_cm"": 43, ""length_cm"": 62}","{""chest_cm"": 79, ""waist_cm"": 70, ""hip_cm"": 83, ""shoulder_cm"": 33, ""sleeve_cm"": 43, ""length_cm"": 62}",returned,DC-004-4,1,6,01/06/2026 16:12,13/07/2026 16:12,2026-07-13T16:12:00,10,25/07/2026 16:12,11,Hem fault
245,DLO-2026-004-M468-G10-P1,DLO-2026-004,468,10,11,Trevor Fahy,3rd Year,C,"{""chest_cm"": 98, ""waist_cm"": 90, ""hip_cm"": 98, ""shoulder_cm"": 41, ""sleeve_cm"": 54, ""length_cm"": 76}","{""chest_cm"": 98, ""waist_cm"": 90, ""hip_cm"": 98, ""shoulder_cm"": 41, ""sleeve_cm"": 54, ""length_cm"": 76}",returned,DC-004-1,1,6,01/06/2026 16:12,13/07/2026 16:12,2026-07-13T16:12:00,10,20/07/2026 16:12,11,Size too small - remake requested
252,DLO-2026-004-M476-G1-P1,DLO-2026-004,476,1,8,Josh Lehane,2nd Year,A,"{""chest_cm"": 92, ""waist_cm"": 83, ""hip_cm"": 96, ""shoulder_cm"": 39, ""sleeve_cm"": 51, ""length_cm"": 72}","{""chest_cm"": 92, ""waist_cm"": 83, ""hip_cm"": 96, ""shoulder_cm"": 39, ""sleeve_cm"": 51, ""length_cm"": 72}",returned,DC-004-4,1,6,01/06/2026 16:12,13/07/2026 16:12,2026-07-13T16:12:00,10,27/07/2026 16:12,11,Loose stitching at seam
261,DLO-2026-004-M478-G11-P1,DLO-2026-004,478,11,12,Nora Simmonds,2nd Year,C,"{""chest_cm"": 84, ""waist_cm"": 75, ""hip_cm"": 90, ""shoulder_cm"": 35, ""sleeve_cm"": 46, ""length_cm"": 66}","{""chest_cm"": 84, ""waist_cm"": 75, ""hip_cm"": 90, ""shoulder_cm"": 35, ""sleeve_cm"": 46, ""length_cm"": 66}",returned,DC-004-3,1,6,01/06/2026 16:12,13/07/2026 16:12,2026-07-13T16:12:00,10,16/07/2026 16:12,11,Loose stitching at seam
297,DLO-2026-004-M513-G1-P1,DLO-2026-004,513,1,8,Cormac Heaney,6th Year,C,"{""chest_cm"": 79, ""waist_cm"": 74, ""hip_cm"": 82, ""shoulder_cm"": 33, ""sleeve_cm"": 43, ""length_cm"": 62}","{""chest_cm"": 79, ""waist_cm"": 74, ""hip_cm"": 82, ""shoulder_cm"": 33, ""sleeve_cm"": 43, ""length_cm"": 62}",returned,DC-004-4,1,6,01/06/2026 16:12,13/07/2026 16:12,2026-07-13T16:12:00,10,24/07/2026 16:12,11,Size too small - remake requested
335,DLO-2026-004-M530-G10-P1,DLO-2026-004,530,10,11,Stephen MacGill,2nd Year,A,"{""chest_cm"": 102, ""waist_cm"": 97, ""hip_cm"": 103, ""shoulder_cm"": 43, ""sleeve_cm"": 56, ""length_cm"": 80}","{""chest_cm"": 102, ""waist_cm"": 97, ""hip_cm"": 103, ""shoulder_cm"": 43, ""sleeve_cm"": 56, ""length_cm"": 80}",returned,DC-004-3,1,6,01/06/2026 16:12,13/07/2026 16:12,2026-07-13T16:12:00,10,15/07/2026 16:12,11,Fabric shade mismatch
345,DLO-2026-004-M537-G10-P1,DLO-2026-004,537,10,11,Shania Perry,3rd Year,B,"{""chest_cm"": 96, ""waist_cm"": 91, ""hip_cm"": 103, ""shoulder_cm"": 40, ""sleeve_cm"": 53, ""length_cm"": 75}","{""chest_cm"": 96, ""waist_cm"": 91, ""hip_cm"": 103, ""shoulder_cm"": 40, ""sleeve_cm"": 53, ""length_cm"": 75}",returned,DC-004-3,1,6,01/06/2026 16:12,13/07/2026 16:12,2026-07-13T16:12:00,10,24/07/2026 16:12,11,Size too small - remake requested
353,DLO-2026-004-M539-G5-P1,DLO-2026-004,539,5,10,Faith Bree,4th Year,B,"{""chest_cm"": 90, ""waist_cm"": 81, ""hip_cm"": 97, ""shoulder_cm"": 38, ""sleeve_cm"": 50, ""length_cm"": 70}","{""chest_cm"": 90, ""waist_cm"": 81, ""hip_cm"": 97, ""shoulder_cm"": 38, ""sleeve_cm"": 50, ""length_cm"": 70}",returned,DC-004-1,1,6,01/06/2026 16:12,13/07/2026 16:12,2026-07-13T16:12:00,10,26/07/2026 16:12,11,Fabric shade mismatch
376,DLO-2026-004-M549-G11-P1,DLO-2026-004,549,11,12,Pauric de Lacy,2nd Year,B,"{""chest_cm"": 99, ""waist_cm"": 89, ""hip_cm"": 100, ""shoulder_cm"": 42, ""sleeve_cm"": 54, ""length_cm"": 77}","{""chest_cm"": 99, ""waist_cm"": 89, ""hip_cm"": 100, ""shoulder_cm"": 42, ""sleeve_cm"": 54, ""length_cm"": 77}",returned,DC-004-3,1,6,01/06/2026 16:12,13/07/2026 16:12,2026-07-13T16:12:00,10,23/07/2026 16:12,11,Hem fault
401,DLO-2026-004-M564-G11-P1,DLO-2026-004,564,11,12,Darren Looney,2nd Year,A,"{""chest_cm"": 104, ""waist_cm"": 98, ""hip_cm"": 107, ""shoulder_cm"": 44, ""sleeve_cm"": 57, ""length_cm"": 81}","{""chest_cm"": 104, ""waist_cm"": 98, ""hip_cm"": 107, ""shoulder_cm"": 44, ""sleeve_cm"": 57, ""length_cm"": 81}",returned,DC-004-4,1,6,01/06/2026 16:12,13/07/2026 16:12,2026-07-13T16:12:00,10,25/07/2026 16:12,11,Fabric shade mismatch
453,DLO-2026-004-M599-G5-P1,DLO-2026-004,599,5,10,Ayesha Denis,6th Year,B,"{""chest_cm"": 82, ""waist_cm"": 76, ""hip_cm"": 89, ""shoulder_cm"": 34, ""sleeve_cm"": 45, ""length_cm"": 64}","{""chest_cm"": 82, ""waist_cm"": 76, ""hip_cm"": 89, ""shoulder_cm"": 34, ""sleeve_cm"": 45, ""length_cm"": 64}",returned,DC-004-2,1,6,01/06/2026 16:12,13/07/2026 16:12,2026-07-13T16:12:00,10,25/07/2026 16:12,11,Fabric shade mismatch
463,DLO-2025-005-M615-G7-P1,DLO-2025-005,615,7,16,Sian McCaughey,3rd Year,B,"{""chest_cm"": 100, ""waist_cm"": 96, ""hip_cm"": 104, ""shoulder_cm"": 42, ""sleeve_cm"": 55, ""length_cm"": 78}","{""chest_cm"": 100, ""waist_cm"": 96, ""hip_cm"": 104, ""shoulder_cm"": 42, ""sleeve_cm"": 55, ""length_cm"": 78}",returned,DC-005-4,1,6,21/08/2025 11:36,06/08/2025 00:00,2025-08-06T00:00:00,10,19/08/2025 00:00,11,Crest embroidery misplaced
507,DLO-2025-005-M647-G1-P1,DLO-2025-005,647,1,13,Kristian Langan,4th Year,B,"{""chest_cm"": 103, ""waist_cm"": 96, ""hip_cm"": 104, ""shoulder_cm"": 43, ""sleeve_cm"": 57, ""length_cm"": 80}","{""chest_cm"": 103, ""waist_cm"": 96, ""hip_cm"": 104, ""shoulder_cm"": 43, ""sleeve_cm"": 57, ""length_cm"": 80}",returned,DC-005-2,1,6,21/08/2025 11:36,06/08/2025 00:00,2025-08-06T00:00:00,10,16/08/2025 00:00,11,Hem fault
538,DLO-2025-005-M676-G6-P1,DLO-2025-005,676,6,15,Ethan Birmingham,2nd Year,A,"{""chest_cm"": 79, ""waist_cm"": 70, ""hip_cm"": 87, ""shoulder_cm"": 33, ""sleeve_cm"": 43, ""length_cm"": 62}","{""chest_cm"": 79, ""waist_cm"": 70, ""hip_cm"": 87, ""shoulder_cm"": 33, ""sleeve_cm"": 43, ""length_cm"": 62}",returned,DC-005-3,1,6,21/08/2025 11:36,06/08/2025 00:00,2025-08-06T00:00:00,10,20/08/2025 00:00,11,Hem fault
564,DLO-2025-005-M685-G7-P2,DLO-2025-005,685,7,16,Corinne McInnes,4th Year,C,"{""chest_cm"": 95, ""waist_cm"": 91, ""hip_cm"": 98, ""shoulder_cm"": 40, ""sleeve_cm"": 52, ""length_cm"": 74}","{""chest_cm"": 95, ""waist_cm"": 91, ""hip_cm"": 98, ""shoulder_cm"": 40, ""sleeve_cm"": 52, ""length_cm"": 74}",returned,DC-005-4,2,6,21/08/2025 11:36,06/08/2025 00:00,2025-08-06T00:00:00,10,13/08/2025 00:00,11,Loose stitching at seam
576,DLO-2025-005-M688-G8-P2,DLO-2025-005,688,8,17,Regan McEnry,4th Year,A,"{""chest_cm"": 87, ""waist_cm"": 77, ""hip_cm"": 90, ""shoulder_cm"": 37, ""sleeve_cm"": 48, ""length_cm"": 68}","{""chest_cm"": 87, ""waist_cm"": 77, ""hip_cm"": 90, ""shoulder_cm"": 37, ""sleeve_cm"": 48, ""length_cm"": 68}",returned,DC-005-4,2,6,21/08/2025 11:36,06/08/2025 00:00,2025-08-06T00:00:00,10,13/08/2025 00:00,11,Crest embroidery misplaced
580,DLO-2025-005-M693-G8-P1,DLO-2025-005,693,8,17,Lara McMonagle,4th Year,C,"{""chest_cm"": 83, ""waist_cm"": 79, ""hip_cm"": 84, ""shoulder_cm"": 35, ""sleeve_cm"": 46, ""length_cm"": 65}","{""chest_cm"": 83, ""waist_cm"": 79, ""hip_cm"": 84, ""shoulder_cm"": 35, ""sleeve_cm"": 46, ""length_cm"": 65}",returned,DC-005-4,1,6,21/08/2025 11:36,06/08/2025 00:00,2025-08-06T00:00:00,10,18/08/2025 00:00,11,Size too small - remake requested
590,DLO-2025-005-M698-G8-P1,DLO-2025-005,698,8,17,Brogan McNealy,6th Year,B,"{""chest_cm"": 104, ""waist_cm"": 96, ""hip_cm"": 104, ""shoulder_cm"": 44, ""sleeve_cm"": 57, ""length_cm"": 81}","{""chest_cm"": 104, ""waist_cm"": 96, ""hip_cm"": 104, ""shoulder_cm"": 44, ""sleeve_cm"": 57, ""length_cm"": 81}",returned,DC-005-1,1,6,21/08/2025 11:36,06/08/2025 00:00,2025-08-06T00:00:00,10,12/08/2025 00:00,11,Fabric shade mismatch
645,DLO-2025-005-M717-G8-P1,DLO-2025-005,717,8,17,Clarissa Kinnear,2nd Year,A,"{""chest_cm"": 104, ""waist_cm"": 96, ""hip_cm"": 107, ""shoulder_cm"": 44, ""sleeve_cm"": 57, ""length_cm"": 81}","{""chest_cm"": 104, ""waist_cm"": 96, ""hip_cm"": 107, ""shoulder_cm"": 44, ""sleeve_cm"": 57, ""length_cm"": 81}",returned,DC-005-3,1,6,21/08/2025 11:36,06/08/2025 00:00,2025-08-06T00:00:00,10,14/08/2025 00:00,11,Hem fault
659,DLO-2025-005-M723-G7-P2,DLO-2025-005,723,7,16,Alana Clogherty,3rd Year,C,"{""chest_cm"": 102, ""waist_cm"": 98, ""hip_cm"": 109, ""shoulder_cm"": 43, ""sleeve_cm"": 56, ""length_cm"": 80}","{""chest_cm"": 102, ""waist_cm"": 98, ""hip_cm"": 109, ""shoulder_cm"": 43, ""sleeve_cm"": 56, ""length_cm"": 80}",returned,DC-005-2,2,6,21/08/2025 11:36,06/08/2025 00:00,2025-08-06T00:00:00,10,11/08/2025 00:00,11,Fabric shade mismatch
684,DLO-2026-006-M753-G1-P1,DLO-2026-006,753,1,18,Shaun Longan,3rd Year,B,"{""chest_cm"": 81, ""waist_cm"": 77, ""hip_cm"": 88, ""shoulder_cm"": 34, ""sleeve_cm"": 45, ""length_cm"": 63}","{""chest_cm"": 81, ""waist_cm"": 77, ""hip_cm"": 88, ""shoulder_cm"": 34, ""sleeve_cm"": 45, ""length_cm"": 63}",returned,DC-006-4,1,6,09/05/2026 13:34,03/06/2026 13:34,2026-06-03T13:34:00,10,07/06/2026 13:34,11,Size too small - remake requested
722,DLO-2026-007-M844-G2-P1,DLO-2026-007,844,2,21,Rhiannon MacHenry,3rd Year,C,"{""chest_cm"": 83, ""waist_cm"": 79, ""hip_cm"": 86, ""shoulder_cm"": 35, ""sleeve_cm"": 46, ""length_cm"": 65}","{""chest_cm"": 83, ""waist_cm"": 79, ""hip_cm"": 86, ""shoulder_cm"": 35, ""sleeve_cm"": 46, ""length_cm"": 65}",returned,DC-007-4,1,6,16/03/2026 22:22,24/04/2026 22:22,2026-04-24T22:22:00,10,28/04/2026 22:22,11,Loose stitching at seam
764,DLO-2026-007-M870-G1-P1,DLO-2026-007,870,1,20,Jonathon Byrnes,5th Year,B,"{""chest_cm"": 96, ""waist_cm"": 88, ""hip_cm"": 97, ""shoulder_cm"": 40, ""sleeve_cm"": 53, ""length_cm"": 75}","{""chest_cm"": 96, ""waist_cm"": 88, ""hip_cm"": 97, ""shoulder_cm"": 40, ""sleeve_cm"": 53, ""length_cm"": 75}",returned,DC-007-2,1,6,16/03/2026 22:22,24/04/2026 22:22,2026-04-24T22:22:00,10,29/04/2026 22:22,11,Hem fault
778,DLO-2026-007-M875-G6-P2,DLO-2026-007,875,6,22,Micheal Keapock,4th Year,A,"{""chest_cm"": 90, ""waist_cm"": 85, ""hip_cm"": 98, ""shoulder_cm"": 38, ""sleeve_cm"": 50, ""length_cm"": 70}","{""chest_cm"": 90, ""waist_cm"": 85, ""hip_cm"": 98, ""shoulder_cm"": 38, ""sleeve_cm"": 50, ""length_cm"": 70}",returned,DC-007-2,2,6,16/03/2026 22:22,24/04/2026 22:22,2026-04-24T22:22:00,10,27/04/2026 22:22,11,Fabric shade mismatch
807,DLO-2026-007-M885-G7-P1,DLO-2026-007,885,7,23,Carol Roe,2nd Year,A,"{""chest_cm"": 101, ""waist_cm"": 95, ""hip_cm"": 107, ""shoulder_cm"": 42, ""sleeve_cm"": 56, ""length_cm"": 79}","{""chest_cm"": 101, ""waist_cm"": 95, ""hip_cm"": 107, ""shoulder_cm"": 42, ""sleeve_cm"": 56, ""length_cm"": 79}",returned,DC-007-4,1,6,16/03/2026 22:22,24/04/2026 22:22,2026-04-24T22:22:00,10,29/04/2026 22:22,11,Hem fault
816,DLO-2026-007-M888-G8-P1,DLO-2026-007,888,8,24,Fainche Mahony,6th Year,C,"{""chest_cm"": 78, ""waist_cm"": 68, ""hip_cm"": 85, ""shoulder_cm"": 33, ""sleeve_cm"": 43, ""length_cm"": 61}","{""chest_cm"": 78, ""waist_cm"": 68, ""hip_cm"": 85, ""shoulder_cm"": 33, ""sleeve_cm"": 43, ""length_cm"": 61}",returned,DC-007-4,1,6,16/03/2026 22:22,24/04/2026 22:22,2026-04-24T22:22:00,10,29/04/2026 22:22,11,Crest embroidery misplaced
1420,DLO-2026-011-M1293-G8-P2,DLO-2026-011,1293,8,41,Benn Burchill,3rd Year,C,"{""chest_cm"": 97, ""waist_cm"": 90, ""hip_cm"": 104, ""shoulder_cm"": 41, ""sleeve_cm"": 53, ""length_cm"": 76}","{""chest_cm"": 97, ""waist_cm"": 90, ""hip_cm"": 104, ""shoulder_cm"": 41, ""sleeve_cm"": 53, ""length_cm"": 76}",ready_for_packing,,2,6,15/08/2026 14:48,22/07/2026 09:00,,,,,
1421,DLO-2026-011-M1297-G2-P1,DLO-2026-011,1297,2,38,Patricia Nally,2nd Year,B,"{""chest_cm"": 83, ""waist_cm"": 76, ""hip_cm"": 90, ""shoulder_cm"": 35, ""sleeve_cm"": 46, ""length_cm"": 65}","{""chest_cm"": 83, ""waist_cm"": 76, ""hip_cm"": 90, ""shoulder_cm"": 35, ""sleeve_cm"": 46, ""length_cm"": 65}",ready_for_packing,,1,6,15/08/2026 14:48,22/07/2026 09:00,,,,,
1422,DLO-2026-011-M1297-G7-P1,DLO-2026-011,1297,7,40,Patricia Nally,2nd Year,B,"{""chest_cm"": 83, ""waist_cm"": 76, ""hip_cm"": 90, ""shoulder_cm"": 35, ""sleeve_cm"": 46, ""length_cm"": 65}","{""chest_cm"": 83, ""waist_cm"": 76, ""hip_cm"": 90, ""shoulder_cm"": 35, ""sleeve_cm"": 46, ""length_cm"": 65}",ready_for_packing,,1,6,15/08/2026 14:48,22/07/2026 09:00,,,,,
1423,DLO-2026-011-M1297-G7-P2,DLO-2026-011,1297,7,40,Patricia Nally,2nd Year,B,"{""chest_cm"": 83, ""waist_cm"": 76, ""hip_cm"": 90, ""shoulder_cm"": 35, ""sleeve_cm"": 46, ""length_cm"": 65}","{""chest_cm"": 83, ""waist_cm"": 76, ""hip_cm"": 90, ""shoulder_cm"": 35, ""sleeve_cm"": 46, ""length_cm"": 65}",ready_for_packing,,2,6,15/08/2026 14:48,22/07/2026 09:00,,,,,
1424,DLO-2026-011-M1297-G9-P1,DLO-2026-011,1297,9,42,Patricia Nally,2nd Year,B,"{""chest_cm"": 83, ""waist_cm"": 76, ""hip_cm"": 90, ""shoulder_cm"": 35, ""sleeve_cm"": 46, ""length_cm"": 65}","{""chest_cm"": 83, ""waist_cm"": 76, ""hip_cm"": 90, ""shoulder_cm"": 35, ""sleeve_cm"": 46, ""length_cm"": 65}",ready_for_packing,,1,6,15/08/2026 14:48,22/07/2026 09:00,,,,,
1425,DLO-2026-011-M1297-G8-P1,DLO-2026-011,1297,8,41,Patricia Nally,2nd Year,B,"{""chest_cm"": 83, ""waist_cm"": 76, ""hip_cm"": 90, ""shoulder_cm"": 35, ""sleeve_cm"": 46, ""length_cm"": 65}","{""chest_cm"": 83, ""waist_cm"": 76, ""hip_cm"": 90, ""shoulder_cm"": 35, ""sleeve_cm"": 46, ""length_cm"": 65}",ready_for_packing,,1,6,15/08/2026 14:48,22/07/2026 09:00,,,,,
1426,DLO-2026-011-M1297-G8-P2,DLO-2026-011,1297,8,41,Patricia Nally,2nd Year,B,"{""chest_cm"": 83, ""waist_cm"": 76, ""hip_cm"": 90, ""shoulder_cm"": 35, ""sleeve_cm"": 46, ""length_cm"": 65}","{""chest_cm"": 83, ""waist_cm"": 76, ""hip_cm"": 90, ""shoulder_cm"": 35, ""sleeve_cm"": 46, ""length_cm"": 65}",ready_for_packing,,2,6,15/08/2026 14:48,22/07/2026 09:00,,,,,
1427,DLO-2026-011-M1298-G2-P1,DLO-2026-011,1298,2,38,Billie-Jo Boreland,4th Year,C,"{""chest_cm"": 100, ""waist_cm"": 92, ""hip_cm"": 105, ""shoulder_cm"": 42, ""sleeve_cm"": 55, ""length_cm"": 78}","{""chest_cm"": 100, ""waist_cm"": 92, ""hip_cm"": 105, ""shoulder_cm"": 42, ""sleeve_cm"": 55, ""length_cm"": 78}",ready_for_packing,,1,6,15/08/2026 14:48,22/07/2026 09:00,,,,,
1428,DLO-2026-011-M1298-G7-P1,DLO-2026-011,1298,7,40,Billie-Jo Boreland,4th Year,C,"{""chest_cm"": 100, ""waist_cm"": 92, ""hip_cm"": 105, ""shoulder_cm"": 42, ""sleeve_cm"": 55, ""length_cm"": 78}","{""chest_cm"": 100, ""waist_cm"": 92, ""hip_cm"": 105, ""shoulder_cm"": 42, ""sleeve_cm"": 55, ""length_cm"": 78}",ready_for_packing,,1,6,15/08/2026 14:48,22/07/2026 09:00,,,,,
1429,DLO-2026-011-M1298-G7-P2,DLO-2026-011,1298,7,40,Billie-Jo Boreland,4th Year,C,"{""chest_cm"": 100, ""waist_cm"": 92, ""hip_cm"": 105, ""shoulder_cm"": 42, ""sleeve_cm"": 55, ""length_cm"": 78}","{""chest_cm"": 100, ""waist_cm"": 92, ""hip_cm"": 105, ""shoulder_cm"": 42, ""sleeve_cm"": 55, ""length_cm"": 78}",ready_for_packing,,2,6,15/08/2026 14:48,22/07/2026 09:00,,,,,
1430,DLO-2026-011-M1298-G9-P1,DLO-2026-011,1298,9,42,Billie-Jo Boreland,4th Year,C,"{""chest_cm"": 100, ""waist_cm"": 92, ""hip_cm"": 105, ""shoulder_cm"": 42, ""sleeve_cm"": 55, ""length_cm"": 78}","{""chest_cm"": 100, ""waist_cm"": 92, ""hip_cm"": 105, ""shoulder_cm"": 42, ""sleeve_cm"": 55, ""length_cm"": 78}",ready_for_packing,,1,6,15/08/2026 14:48,22/07/2026 09:00,,,,,
1431,DLO-2026-011-M1298-G8-P1,DLO-2026-011,1298,8,41,Billie-Jo Boreland,4th Year,C,"{""chest_cm"": 100, ""waist_cm"": 92, ""hip_cm"": 105, ""shoulder_cm"": 42, ""sleeve_cm"": 55, ""length_cm"": 78}","{""chest_cm"": 100, ""waist_cm"": 92, ""hip_cm"": 105, ""shoulder_cm"": 42, ""sleeve_cm"": 55, ""length_cm"": 78}",ready_for_packing,,1,6,15/08/2026 14:48,22/07/2026 09:00,,,,,
1432,DLO-2026-011-M1298-G8-P2,DLO-2026-011,1298,8,41,Billie-Jo Boreland,4th Year,C,"{""chest_cm"": 100, ""waist_cm"": 92, ""hip_cm"": 105, ""shoulder_cm"": 42, ""sleeve_cm"": 55, ""length_cm"": 78}","{""chest_cm"": 100, ""waist_cm"": 92, ""hip_cm"": 105, ""shoulder_cm"": 42, ""sleeve_cm"": 55, ""length_cm"": 78}",ready_for_packing,,2,6,15/08/2026 14:48,22/07/2026 09:00,,,,,
1433,DLO-2026-011-M1299-G2-P1,DLO-2026-011,1299,2,38,Kira McLaughlin,2nd Year,B,"{""chest_cm"": 86, ""waist_cm"": 81, ""hip_cm"": 92, ""shoulder_cm"": 36, ""sleeve_cm"": 47, ""length_cm"": 67}","{""chest_cm"": 86, ""waist_cm"": 81, ""hip_cm"": 92, ""shoulder_cm"": 36, ""sleeve_cm"": 47, ""length_cm"": 67}",ready_for_packing,,1,6,15/08/2026 14:48,22/07/2026 09:00,,,,,
1434,DLO-2026-011-M1299-G7-P1,DLO-2026-011,1299,7,40,Kira McLaughlin,2nd Year,B,"{""chest_cm"": 86, ""waist_cm"": 81, ""hip_cm"": 92, ""shoulder_cm"": 36, ""sleeve_cm"": 47, ""length_cm"": 67}","{""chest_cm"": 86, ""waist_cm"": 81, ""hip_cm"": 92, ""shoulder_cm"": 36, ""sleeve_cm"": 47, ""length_cm"": 67}",ready_for_packing,,1,6,15/08/2026 14:48,22/07/2026 09:00,,,,,
1435,DLO-2026-011-M1299-G7-P2,DLO-2026-011,1299,7,40,Kira McLaughlin,2nd Year,B,"{""chest_cm"": 86, ""waist_cm"": 81, ""hip_cm"": 92, ""shoulder_cm"": 36, ""sleeve_cm"": 47, ""length_cm"": 67}","{""chest_cm"": 86, ""waist_cm"": 81, ""hip_cm"": 92, ""shoulder_cm"": 36, ""sleeve_cm"": 47, ""length_cm"": 67}",ready_for_packing,,2,6,15/08/2026 14:48,22/07/2026 09:00,,,,,
1436,DLO-2026-011-M1299-G9-P1,DLO-2026-011,1299,9,42,Kira McLaughlin,2nd Year,B,"{""chest_cm"": 86, ""waist_cm"": 81, ""hip_cm"": 92, ""shoulder_cm"": 36, ""sleeve_cm"": 47, ""length_cm"": 67}","{""chest_cm"": 86, ""waist_cm"": 81, ""hip_cm"": 92, ""shoulder_cm"": 36, ""sleeve_cm"": 47, ""length_cm"": 67}",ready_for_packing,,1,6,15/08/2026 14:48,22/07/2026 09:00,,,,,
1437,DLO-2026-011-M1299-G8-P1,DLO-2026-011,1299,8,41,Kira McLaughlin,2nd Year,B,"{""chest_cm"": 86, ""waist_cm"": 81, ""hip_cm"": 92, ""shoulder_cm"": 36, ""sleeve_cm"": 47, ""length_cm"": 67}","{""chest_cm"": 86, ""waist_cm"": 81, ""hip_cm"": 92, ""shoulder_cm"": 36, ""sleeve_cm"": 47, ""length_cm"": 67}",ready_for_packing,,1,6,15/08/2026 14:48,22/07/2026 09:00,,,,,
1438,DLO-2026-011-M1299-G8-P2,DLO-2026-011,1299,8,41,Kira McLaughlin,2nd Year,B,"{""chest_cm"": 86, ""waist_cm"": 81, ""hip_cm"": 92, ""shoulder_cm"": 36, ""sleeve_cm"": 47, ""length_cm"": 67}","{""chest_cm"": 86, ""waist_cm"": 81, ""hip_cm"": 92, ""shoulder_cm"": 36, ""sleeve_cm"": 47, ""length_cm"": 67}",ready_for_packing,,2,6,15/08/2026 14:48,22/07/2026 09:00,,,,,
1439,DLO-2026-011-M1303-G2-P1,DLO-2026-011,1303,2,38,Rachel Belton,5th Year,A,"{""chest_cm"": 85, ""waist_cm"": 80, ""hip_cm"": 89, ""shoulder_cm"": 36, ""sleeve_cm"": 47, ""length_cm"": 66}","{""chest_cm"": 85, ""waist_cm"": 80, ""hip_cm"": 89, ""shoulder_cm"": 36, ""sleeve_cm"": 47, ""length_cm"": 66}",ready_for_packing,,1,6,15/08/2026 14:48,22/07/2026 09:00,,,,,
1440,DLO-2026-011-M1303-G7-P1,DLO-2026-011,1303,7,40,Rachel Belton,5th Year,A,"{""chest_cm"": 85, ""waist_cm"": 80, ""hip_cm"": 89, ""shoulder_cm"": 36, ""sleeve_cm"": 47, ""length_cm"": 66}","{""chest_cm"": 85, ""waist_cm"": 80, ""hip_cm"": 89, ""shoulder_cm"": 36, ""sleeve_cm"": 47, ""length_cm"": 66}",ready_for_packing,,1,6,15/08/2026 14:48,22/07/2026 09:00,,,,,
1441,DLO-2026-011-M1303-G7-P2,DLO-2026-011,1303,7,40,Rachel Belton,5th Year,A,"{""chest_cm"": 85, ""waist_cm"": 80, ""hip_cm"": 89, ""shoulder_cm"": 36, ""sleeve_cm"": 47, ""length_cm"": 66}","{""chest_cm"": 85, ""waist_cm"": 80, ""hip_cm"": 89, ""shoulder_cm"": 36, ""sleeve_cm"": 47, ""length_cm"": 66}",ready_for_packing,,2,6,15/08/2026 14:48,22/07/2026 09:00,,,,,
1442,DLO-2026-011-M1303-G9-P1,DLO-2026-011,1303,9,42,Rachel Belton,5th Year,A,"{""chest_cm"": 85, ""waist_cm"": 80, ""hip_cm"": 89, ""shoulder_cm"": 36, ""sleeve_cm"": 47, ""length_cm"": 66}","{""chest_cm"": 85, ""waist_cm"": 80, ""hip_cm"": 89, ""shoulder_cm"": 36, ""sleeve_cm"": 47, ""length_cm"": 66}",ready_for_packing,,1,6,15/08/2026 14:48,22/07/2026 09:00,,,,,
1443,DLO-2026-011-M1303-G8-P1,DLO-2026-011,1303,8,41,Rachel Belton,5th Year,A,"{""chest_cm"": 85, ""waist_cm"": 80, ""hip_cm"": 89, ""shoulder_cm"": 36, ""sleeve_cm"": 47, ""length_cm"": 66}","{""chest_cm"": 85, ""waist_cm"": 80, ""hip_cm"": 89, ""shoulder_cm"": 36, ""sleeve_cm"": 47, ""length_cm"": 66}",ready_for_packing,,1,6,15/08/2026 14:48,22/07/2026 09:00,,,,,
1444,DLO-2026-011-M1303-G8-P2,DLO-2026-011,1303,8,41,Rachel Belton,5th Year,A,"{""chest_cm"": 85, ""waist_cm"": 80, ""hip_cm"": 89, ""shoulder_cm"": 36, ""sleeve_cm"": 47, ""length_cm"": 66}","{""chest_cm"": 85, ""waist_cm"": 80, ""hip_cm"": 89, ""shoulder_cm"": 36, ""sleeve_cm"": 47, ""length_cm"": 66}",ready_for_packing,,2,6,15/08/2026 14:48,22/07/2026 09:00,,,,,
1445,DLO-2026-011-M1304-G2-P1,DLO-2026-011,1304,2,38,Nora Dunworth,5th Year,A,"{""chest_cm"": 85, ""waist_cm"": 78, ""hip_cm"": 92, ""shoulder_cm"": 36, ""sleeve_cm"": 47, ""length_cm"": 66}","{""chest_cm"": 85, ""waist_cm"": 78, ""hip_cm"": 92, ""shoulder_cm"": 36, ""sleeve_cm"": 47, ""length_cm"": 66}",ready_for_packing,,1,6,15/08/2026 14:48,22/07/2026 09:00,,,,,
1446,DLO-2026-011-M1304-G7-P1,DLO-2026-011,1304,7,40,Nora Dunworth,5th Year,A,"{""chest_cm"": 85, ""waist_cm"": 78, ""hip_cm"": 92, ""shoulder_cm"": 36, ""sleeve_cm"": 47, ""length_cm"": 66}","{""chest_cm"": 85, ""waist_cm"": 78, ""hip_cm"": 92, ""shoulder_cm"": 36, ""sleeve_cm"": 47, ""length_cm"": 66}",ready_for_packing,,1,6,15/08/2026 14:48,22/07/2026 09:00,,,,,
1447,DLO-2026-011-M1304-G7-P2,DLO-2026-011,1304,7,40,Nora Dunworth,5th Year,A,"{""chest_cm"": 85, ""waist_cm"": 78, ""hip_cm"": 92, ""shoulder_cm"": 36, ""sleeve_cm"": 47, ""length_cm"": 66}","{""chest_cm"": 85, ""waist_cm"": 78, ""hip_cm"": 92, ""shoulder_cm"": 36, ""sleeve_cm"": 47, ""length_cm"": 66}",ready_for_packing,,2,6,15/08/2026 14:48,22/07/2026 09:00,,,,,
1448,DLO-2026-011-M1304-G9-P1,DLO-2026-011,1304,9,42,Nora Dunworth,5th Year,A,"{""chest_cm"": 85, ""waist_cm"": 78, ""hip_cm"": 92, ""shoulder_cm"": 36, ""sleeve_cm"": 47, ""length_cm"": 66}","{""chest_cm"": 85, ""waist_cm"": 78, ""hip_cm"": 92, ""shoulder_cm"": 36, ""sleeve_cm"": 47, ""length_cm"": 66}",ready_for_packing,,1,6,15/08/2026 14:48,22/07/2026 09:00,,,,,
1449,DLO-2026-011-M1304-G8-P1,DLO-2026-011,1304,8,41,Nora Dunworth,5th Year,A,"{""chest_cm"": 85, ""waist_cm"": 78, ""hip_cm"": 92, ""shoulder_cm"": 36, ""sleeve_cm"": 47, ""length_cm"": 66}","{""chest_cm"": 85, ""waist_cm"": 78, ""hip_cm"": 92, ""shoulder_cm"": 36, ""sleeve_cm"": 47, ""length_cm"": 66}",ready_for_packing,,1,6,15/08/2026 14:48,22/07/2026 09:00,,,,,
1450,DLO-2026-011-M1304-G8-P2,DLO-2026-011,1304,8,41,Nora Dunworth,5th Year,A,"{""chest_cm"": 85, ""waist_cm"": 78, ""hip_cm"": 92, ""shoulder_cm"": 36, ""sleeve_cm"": 47, ""length_cm"": 66}","{""chest_cm"": 85, ""waist_cm"": 78, ""hip_cm"": 92, ""shoulder_cm"": 36, ""sleeve_cm"": 47, ""length_cm"": 66}",ready_for_packing,,2,6,15/08/2026 14:48,22/07/2026 09:00,,,,,
1451,DLO-2026-011-M1306-G1-P1,DLO-2026-011,1306,1,37,Don Forbes,5th Year,C,"{""chest_cm"": 98, ""waist_cm"": 92, ""hip_cm"": 102, ""shoulder_cm"": 41, ""sleeve_cm"": 54, ""length_cm"": 76}","{""chest_cm"": 98, ""waist_cm"": 92, ""hip_cm"": 102, ""shoulder_cm"": 41, ""sleeve_cm"": 54, ""length_cm"": 76}",ready_for_packing,,1,6,15/08/2026 14:48,22/07/2026 09:00,,,,,
1452,DLO-2026-011-M1306-G6-P1,DLO-2026-011,1306,6,39,Don Forbes,5th Year,C,"{""chest_cm"": 98, ""waist_cm"": 92, ""hip_cm"": 102, ""shoulder_cm"": 41, ""sleeve_cm"": 54, ""length_cm"": 76}","{""chest_cm"": 98, ""waist_cm"": 92, ""hip_cm"": 102, ""shoulder_cm"": 41, ""sleeve_cm"": 54, ""length_cm"": 76}",ready_for_packing,,1,6,15/08/2026 14:48,22/07/2026 09:00,,,,,
1453,DLO-2026-011-M1306-G6-P2,DLO-2026-011,1306,6,39,Don Forbes,5th Year,C,"{""chest_cm"": 98, ""waist_cm"": 92, ""hip_cm"": 102, ""shoulder_cm"": 41, ""sleeve_cm"": 54, ""length_cm"": 76}","{""chest_cm"": 98, ""waist_cm"": 92, ""hip_cm"": 102, ""shoulder_cm"": 41, ""sleeve_cm"": 54, ""length_cm"": 76}",ready_for_packing,,2,6,15/08/2026 14:48,22/07/2026 09:00,,,,,
1454,DLO-2026-011-M1306-G9-P1,DLO-2026-011,1306,9,42,Don Forbes,5th Year,C,"{""chest_cm"": 98, ""waist_cm"": 92, ""hip_cm"": 102, ""shoulder_cm"": 41, ""sleeve_cm"": 54, ""length_cm"": 76}","{""chest_cm"": 98, ""waist_cm"": 92, ""hip_cm"": 102, ""shoulder_cm"": 41, ""sleeve_cm"": 54, ""length_cm"": 76}",ready_for_packing,,1,6,15/08/2026 14:48,22/07/2026 09:00,,,,,
1455,DLO-2026-011-M1306-G8-P1,DLO-2026-011,1306,8,41,Don Forbes,5th Year,C,"{""chest_cm"": 98, ""waist_cm"": 92, ""hip_cm"": 102, ""shoulder_cm"": 41, ""sleeve_cm"": 54, ""length_cm"": 76}","{""chest_cm"": 98, ""waist_cm"": 92, ""hip_cm"": 102, ""shoulder_cm"": 41, ""sleeve_cm"": 54, ""length_cm"": 76}",ready_for_packing,,1,6,15/08/2026 14:48,22/07/2026 09:00,,,,,
1456,DLO-2026-011-M1306-G8-P2,DLO-2026-011,1306,8,41,Don Forbes,5th Year,C,"{""chest_cm"": 98, ""waist_cm"": 92, ""hip_cm"": 102, ""shoulder_cm"": 41, ""sleeve_cm"": 54, ""length_cm"": 76}","{""chest_cm"": 98, ""waist_cm"": 92, ""hip_cm"": 102, ""shoulder_cm"": 41, ""sleeve_cm"": 54, ""length_cm"": 76}",ready_for_packing,,2,6,15/08/2026 14:48,22/07/2026 09:00,,,,,
1457,DLO-2026-011-M1308-G2-P1,DLO-2026-011,1308,2,38,Darcy Beresford,3rd Year,B,"{""chest_cm"": 81, ""waist_cm"": 71, ""hip_cm"": 82, ""shoulder_cm"": 34, ""sleeve_cm"": 45, ""length_cm"": 63}","{""chest_cm"": 81, ""waist_cm"": 71, ""hip_cm"": 82, ""shoulder_cm"": 34, ""sleeve_cm"": 45, ""length_cm"": 63}",ready_for_packing,,1,6,15/08/2026 14:48,22/07/2026 09:00,,,,,
1458,DLO-2026-011-M1308-G7-P1,DLO-2026-011,1308,7,40,Darcy Beresford,3rd Year,B,"{""chest_cm"": 81, ""waist_cm"": 71, ""hip_cm"": 82, ""shoulder_cm"": 34, ""sleeve_cm"": 45, ""length_cm"": 63}","{""chest_cm"": 81, ""waist_cm"": 71, ""hip_cm"": 82, ""shoulder_cm"": 34, ""sleeve_cm"": 45, ""length_cm"": 63}",ready_for_packing,,1,6,15/08/2026 14:48,22/07/2026 09:00,,,,,
1459,DLO-2026-011-M1308-G7-P2,DLO-2026-011,1308,7,40,Darcy Beresford,3rd Year,B,"{""chest_cm"": 81, ""waist_cm"": 71, ""hip_cm"": 82, ""shoulder_cm"": 34, ""sleeve_cm"": 45, ""length_cm"": 63}","{""chest_cm"": 81, ""waist_cm"": 71, ""hip_cm"": 82, ""shoulder_cm"": 34, ""sleeve_cm"": 45, ""length_cm"": 63}",ready_for_packing,,2,6,15/08/2026 14:48,22/07/2026 09:00,,,,,
1460,DLO-2026-011-M1308-G9-P1,DLO-2026-011,1308,9,42,Darcy Beresford,3rd Year,B,"{""chest_cm"": 81, ""waist_cm"": 71, ""hip_cm"": 82, ""shoulder_cm"": 34, ""sleeve_cm"": 45, ""length_cm"": 63}","{""chest_cm"": 81, ""waist_cm"": 71, ""hip_cm"": 82, ""shoulder_cm"": 34, ""sleeve_cm"": 45, ""length_cm"": 63}",ready_for_packing,,1,6,15/08/2026 14:48,22/07/2026 09:00,,,,,
1461,DLO-2026-011-M1308-G8-P1,DLO-2026-011,1308,8,41,Darcy Beresford,3rd Year,B,"{""chest_cm"": 81, ""waist_cm"": 71, ""hip_cm"": 82, ""shoulder_cm"": 34, ""sleeve_cm"": 45, ""length_cm"": 63}","{""chest_cm"": 81, ""waist_cm"": 71, ""hip_cm"": 82, ""shoulder_cm"": 34, ""sleeve_cm"": 45, ""length_cm"": 63}",ready_for_packing,,1,6,15/08/2026 14:48,22/07/2026 09:00,,,,,
1462,DLO-2026-011-M1308-G8-P2,DLO-2026-011,1308,8,41,Darcy Beresford,3rd Year,B,"{""chest_cm"": 81, ""waist_cm"": 71, ""hip_cm"": 82, ""shoulder_cm"": 34, ""sleeve_cm"": 45, ""length_cm"": 63}","{""chest_cm"": 81, ""waist_cm"": 71, ""hip_cm"": 82, ""shoulder_cm"": 34, ""sleeve_cm"": 45, ""length_cm"": 63}",ready_for_packing,,2,6,15/08/2026 14:48,22/07/2026 09:00,,,,,
